/*
Navicat MySQL Data Transfer

Source Server         : localhost
Source Server Version : 50626
Source Host           : localhost:3306
Source Database       : irp

Target Server Type    : MYSQL
Target Server Version : 50626
File Encoding         : 65001

Date: 2018-05-10 19:18:11
*/

SET FOREIGN_KEY_CHECKS=0;

-- ----------------------------
-- Table structure for irp_admin_user
-- ----------------------------
DROP TABLE IF EXISTS `irp_admin_user`;
CREATE TABLE `irp_admin_user` (
  `uid` int(11) NOT NULL AUTO_INCREMENT,
  `name` varchar(255) NOT NULL,
  `login_name` varchar(255) NOT NULL,
  `pwd` varchar(255) NOT NULL,
  `status` int(11) NOT NULL,
  `login_time` datetime DEFAULT NULL,
  `reg_time` datetime NOT NULL,
  `login_info` text,
  `login_count` int(11) DEFAULT NULL,
  `avatar` varchar(255) DEFAULT NULL,
  PRIMARY KEY (`uid`,`login_name`),
  KEY `login_name` (`login_name`),
  KEY `uid` (`uid`)
) ENGINE=InnoDB AUTO_INCREMENT=7 DEFAULT CHARSET=utf8;

-- ----------------------------
-- Records of irp_admin_user
-- ----------------------------
INSERT INTO `irp_admin_user` VALUES ('3', '小彬', '123456', 'e902a3a99810dfda23930968623536d7', '1', '2018-05-10 16:05:15', '2017-12-20 20:02:11', '[{\"ip\":\"127.0.0.1\",\"login_time\":\"2017-12-20 21:15:56\"},{\"ip\":\"127.0.0.1\",\"login_time\":\"2017-12-21 10:31:13\"},{\"ip\":\"127.0.0.1\",\"login_time\":\"2017-12-21 10:33:14\"},{\"ip\":\"127.0.0.1\",\"login_time\":\"2017-12-21 10:58:00\"},{\"ip\":\"127.0.0.1\",\"login_time\":\"2017-12-21 11:00:02\"},{\"ip\":\"127.0.0.1\",\"login_time\":\"2017-12-21 11:00:32\"},{\"ip\":\"127.0.0.1\",\"login_time\":\"2017-12-21 11:15:06\"},{\"ip\":\"127.0.0.1\",\"login_time\":\"2017-12-21 11:15:15\"},{\"ip\":\"127.0.0.1\",\"login_time\":\"2017-12-21 11:16:51\"},{\"ip\":\"127.0.0.1\",\"login_time\":\"2017-12-21 11:21:01\"},{\"ip\":\"127.0.0.1\",\"login_time\":\"2017-12-21 14:08:07\"},{\"ip\":\"127.0.0.1\",\"login_time\":\"2017-12-21 14:09:04\"},{\"ip\":\"127.0.0.1\",\"login_time\":\"2017-12-22 11:25:00\"},{\"ip\":\"127.0.0.1\",\"login_time\":\"2017-12-23 14:04:49\"},{\"ip\":\"127.0.0.1\",\"login_time\":\"2017-12-23 15:37:30\"},{\"ip\":\"127.0.0.1\",\"login_time\":\"2017-12-23 15:37:31\"},{\"ip\":\"127.0.0.1\",\"login_time\":\"2017-12-23 15:37:36\"},{\"ip\":\"127.0.0.1\",\"login_time\":\"2017-12-23 15:40:17\"},{\"ip\":\"127.0.0.1\",\"login_time\":\"2017-12-23 15:40:35\"},{\"ip\":\"127.0.0.1\",\"login_time\":\"2017-12-23 15:40:54\"},{\"ip\":\"127.0.0.1\",\"login_time\":\"2017-12-23 15:41:29\"},{\"ip\":\"127.0.0.1\",\"login_time\":\"2017-12-23 15:44:09\"},{\"ip\":\"127.0.0.1\",\"login_time\":\"2017-12-23 15:44:31\"},{\"ip\":\"127.0.0.1\",\"login_time\":\"2017-12-23 18:09:21\"},{\"ip\":\"127.0.0.1\",\"login_time\":\"2017-12-23 18:21:24\"},{\"ip\":\"127.0.0.1\",\"login_time\":\"2017-12-25 13:36:30\"},{\"ip\":\"127.0.0.1\",\"login_time\":\"2017-12-26 10:13:32\"},{\"ip\":\"127.0.0.1\",\"login_time\":\"2017-12-27 19:15:32\"},{\"ip\":\"127.0.0.1\",\"login_time\":\"2017-12-28 13:57:31\"},{\"ip\":\"127.0.0.1\",\"login_time\":\"2017-12-28 18:30:29\"},{\"ip\":\"127.0.0.1\",\"login_time\":\"2017-12-29 09:55:33\"},{\"ip\":\"127.0.0.1\",\"login_time\":\"2017-12-30 16:45:23\"},{\"ip\":\"127.0.0.1\",\"login_time\":\"2017-12-30 19:06:11\"},{\"ip\":\"127.0.0.1\",\"login_time\":\"2017-12-31 17:23:24\"},{\"ip\":\"127.0.0.1\",\"login_time\":\"2017-12-31 17:24:27\"},{\"ip\":\"127.0.0.1\",\"login_time\":\"2018-01-02 14:31:24\"},{\"ip\":\"127.0.0.1\",\"login_time\":\"2018-01-02 19:05:03\"},{\"ip\":\"127.0.0.1\",\"login_time\":\"2018-01-02 19:06:25\"},{\"ip\":\"127.0.0.1\",\"login_time\":\"2018-01-11 15:43:20\"},{\"ip\":\"127.0.0.1\",\"login_time\":\"2018-01-11 15:44:10\"},{\"ip\":\"127.0.0.1\",\"login_time\":\"2018-01-11 18:41:06\"},{\"ip\":\"127.0.0.1\",\"login_time\":\"2018-03-05 20:19:04\"},{\"ip\":\"127.0.0.1\",\"login_time\":\"2018-03-08 16:21:25\"},{\"ip\":\"127.0.0.1\",\"login_time\":\"2018-03-08 19:35:50\"},{\"ip\":\"127.0.0.1\",\"login_time\":\"2018-03-11 16:21:44\"},{\"ip\":\"127.0.0.1\",\"login_time\":\"2018-03-15 20:08:25\"},{\"ip\":\"127.0.0.1\",\"login_time\":\"2018-03-16 18:43:18\"},{\"ip\":\"127.0.0.1\",\"login_time\":\"2018-03-17 13:51:54\"},{\"ip\":\"127.0.0.1\",\"login_time\":\"2018-03-17 19:47:53\"},{\"ip\":\"127.0.0.1\",\"login_time\":\"2018-03-18 20:36:24\"},{\"ip\":\"127.0.0.1\",\"login_time\":\"2018-03-19 13:30:17\"},{\"ip\":\"127.0.0.1\",\"login_time\":\"2018-03-19 14:21:16\"},{\"ip\":\"127.0.0.1\",\"login_time\":\"2018-03-19 14:37:39\"},{\"ip\":\"127.0.0.1\",\"login_time\":\"2018-03-19 15:09:14\"},{\"ip\":\"127.0.0.1\",\"login_time\":\"2018-03-30 19:38:54\"},{\"ip\":\"127.0.0.1\",\"login_time\":\"2018-03-30 19:39:26\"},{\"ip\":\"127.0.0.1\",\"login_time\":\"2018-03-30 19:43:18\"},{\"ip\":\"127.0.0.1\",\"login_time\":\"2018-03-30 19:44:05\"},{\"ip\":\"127.0.0.1\",\"login_time\":\"2018-03-30 19:46:50\"},{\"ip\":\"127.0.0.1\",\"login_time\":\"2018-03-30 19:47:07\"},{\"ip\":\"127.0.0.1\",\"login_time\":\"2018-03-30 19:52:52\"},{\"ip\":\"127.0.0.1\",\"login_time\":\"2018-03-30 20:38:29\"},{\"ip\":\"127.0.0.1\",\"login_time\":\"2018-04-02 15:41:30\"},{\"ip\":\"127.0.0.1\",\"login_time\":\"2018-04-02 18:46:17\"},{\"ip\":\"127.0.0.1\",\"login_time\":\"2018-04-02 19:16:42\"},{\"ip\":\"127.0.0.1\",\"login_time\":\"2018-04-02 19:18:05\"},{\"ip\":\"127.0.0.1\",\"login_time\":\"2018-04-02 19:37:34\"},{\"ip\":\"127.0.0.1\",\"login_time\":\"2018-04-02 19:39:58\"},{\"ip\":\"127.0.0.1\",\"login_time\":\"2018-04-02 19:44:41\"},{\"ip\":\"127.0.0.1\",\"login_time\":\"2018-04-02 19:48:29\"},{\"ip\":\"127.0.0.1\",\"login_time\":\"2018-04-02 20:05:47\"},{\"ip\":\"127.0.0.1\",\"login_time\":\"2018-04-02 20:07:02\"},{\"ip\":\"127.0.0.1\",\"login_time\":\"2018-05-03 12:05:06\"},{\"ip\":\"127.0.0.1\",\"login_time\":\"2018-05-03 14:31:47\"},{\"ip\":\"127.0.0.1\",\"login_time\":\"2018-05-03 14:34:40\"},{\"ip\":\"127.0.0.1\",\"login_time\":\"2018-05-03 20:20:31\"},{\"ip\":\"127.0.0.1\",\"login_time\":\"2018-05-07 19:13:24\"},{\"ip\":\"127.0.0.1\",\"login_time\":\"2018-05-08 11:27:23\"},{\"ip\":\"127.0.0.1\",\"login_time\":\"2018-05-08 18:50:48\"},{\"ip\":\"127.0.0.1\",\"login_time\":\"2018-05-09 18:59:51\"},{\"ip\":\"127.0.0.1\",\"login_time\":\"2018-05-10 11:08:27\"},{\"ip\":\"127.0.0.1\",\"login_time\":\"2018-05-10 14:13:35\"},{\"ip\":\"127.0.0.1\",\"login_time\":\"2018-05-10 16:05:15\"}]', '83', '3_1521441696.png');
INSERT INTO `irp_admin_user` VALUES ('4', '沈晓彬', 'hello', 'e902a3a99810dfda23930968623536d7', '1', null, '2017-12-23 18:20:19', '[{\"ip\":\"127.0.0.1\",\"login_time\":\"2017-12-23 18:21:05\"}]', '1', null);
INSERT INTO `irp_admin_user` VALUES ('5', 'API管理员', 'api123', 'f41711f74cc9f0bd8d2f4dfb0800710a', '1', '2018-04-02 19:30:06', '2018-04-02 19:00:41', '[{\"ip\":\"127.0.0.1\",\"login_time\":\"2018-04-02 19:16:26\"},{\"ip\":\"127.0.0.1\",\"login_time\":\"2018-04-02 19:17:40\"},{\"ip\":\"127.0.0.1\",\"login_time\":\"2018-04-02 19:21:25\"},{\"ip\":\"127.0.0.1\",\"login_time\":\"2018-04-02 19:30:06\"}]', '4', null);
INSERT INTO `irp_admin_user` VALUES ('6', '只能查看', 'test01', 'e902a3a99810dfda23930968623536d7', '1', '2018-05-03 14:35:15', '2018-04-02 19:01:20', '[{\"ip\":\"127.0.0.1\",\"login_time\":\"2018-04-02 19:36:36\"},{\"ip\":\"127.0.0.1\",\"login_time\":\"2018-05-03 14:35:15\"}]', '2', '');

-- ----------------------------
-- Table structure for irp_auth_group
-- ----------------------------
DROP TABLE IF EXISTS `irp_auth_group`;
CREATE TABLE `irp_auth_group` (
  `id` int(10) unsigned NOT NULL AUTO_INCREMENT,
  `title` varchar(255) NOT NULL,
  `status` int(255) NOT NULL DEFAULT '1',
  `rules` varchar(255) NOT NULL,
  `cre_time` datetime DEFAULT NULL,
  PRIMARY KEY (`id`)
) ENGINE=InnoDB AUTO_INCREMENT=4 DEFAULT CHARSET=utf8;

-- ----------------------------
-- Records of irp_auth_group
-- ----------------------------
INSERT INTO `irp_auth_group` VALUES ('1', '超级管理组', '1', '1,2,10,69,3,4,5,6,19,20,21,22,23,47,48,49,50,51,52,53,54,55,56,57,58,68,7,8,9,11,12,13,14,15,16,17,18,24,25,26,27,28,29,30,31,70,32,33,34,35,36,37,38,39,40,41,42,43,44,45,46,59,60,61,62,63,64,65,66,67,71', '2018-03-30 19:15:09');
INSERT INTO `irp_auth_group` VALUES ('2', 'API管理员', '1', '1,2,10,69,24,25,26,27,28,29,30,31,70', '2018-04-01 12:43:10');
INSERT INTO `irp_auth_group` VALUES ('3', '信息查看员', '1', '1,2,10,3,4,5,23,56,68,7,8,9,11,12,18,24,25,26,32,33,37,40,59,60,61,63', '2018-04-01 13:30:35');

-- ----------------------------
-- Table structure for irp_auth_group_access
-- ----------------------------
DROP TABLE IF EXISTS `irp_auth_group_access`;
CREATE TABLE `irp_auth_group_access` (
  `id` int(10) NOT NULL AUTO_INCREMENT,
  `uid` int(11) DEFAULT NULL,
  `group_id` int(11) unsigned DEFAULT NULL,
  `cre_time` datetime DEFAULT NULL,
  `up_time` datetime DEFAULT NULL,
  `is_delete` int(10) unsigned zerofill DEFAULT '0000000000',
  PRIMARY KEY (`id`),
  KEY `user_id` (`uid`),
  KEY `group_id` (`group_id`),
  CONSTRAINT `group_id` FOREIGN KEY (`group_id`) REFERENCES `irp_auth_group` (`id`) ON DELETE CASCADE ON UPDATE CASCADE,
  CONSTRAINT `user_id` FOREIGN KEY (`uid`) REFERENCES `irp_admin_user` (`uid`) ON DELETE CASCADE ON UPDATE CASCADE
) ENGINE=InnoDB AUTO_INCREMENT=13 DEFAULT CHARSET=utf8;

-- ----------------------------
-- Records of irp_auth_group_access
-- ----------------------------
INSERT INTO `irp_auth_group_access` VALUES ('2', '4', '1', '2018-04-01 19:46:43', '2018-04-01 19:46:43', '0000000000');
INSERT INTO `irp_auth_group_access` VALUES ('5', '3', '1', '2018-04-01 20:05:36', '2018-04-01 20:05:36', '0000000000');
INSERT INTO `irp_auth_group_access` VALUES ('9', '5', '2', '2018-04-02 19:04:46', '2018-04-02 19:04:46', '0000000000');
INSERT INTO `irp_auth_group_access` VALUES ('10', '6', '3', '2018-04-02 19:05:03', '2018-04-02 19:05:03', '0000000001');
INSERT INTO `irp_auth_group_access` VALUES ('11', '3', '3', '2018-04-02 19:48:46', '2018-04-02 19:48:46', '0000000001');
INSERT INTO `irp_auth_group_access` VALUES ('12', '6', '3', '2018-04-02 19:58:06', '2018-04-02 19:58:06', '0000000000');

-- ----------------------------
-- Table structure for irp_auth_rule
-- ----------------------------
DROP TABLE IF EXISTS `irp_auth_rule`;
CREATE TABLE `irp_auth_rule` (
  `id` int(11) NOT NULL AUTO_INCREMENT,
  `name` varchar(255) NOT NULL,
  `title` varchar(255) NOT NULL,
  `parent` varchar(255) NOT NULL,
  `type` int(11) NOT NULL DEFAULT '1',
  `status` int(11) NOT NULL,
  `condition` varchar(255) DEFAULT NULL,
  `cre_time` datetime DEFAULT NULL,
  `up_time` datetime DEFAULT NULL,
  `remarks` varchar(255) DEFAULT NULL,
  PRIMARY KEY (`id`,`name`)
) ENGINE=InnoDB AUTO_INCREMENT=72 DEFAULT CHARSET=utf8;

-- ----------------------------
-- Records of irp_auth_rule
-- ----------------------------
INSERT INTO `irp_auth_rule` VALUES ('1', 'admin/ViewManage/admin_index', '查看管理员页面', '基本功能', '1', '1', '', '2018-03-30 19:11:10', '2018-04-02 19:19:47', '显示管理员管理页面');
INSERT INTO `irp_auth_rule` VALUES ('2', 'admin/ViewManage/admin_index_con', '管理后台主页', '基本功能', '1', '1', '', '2018-03-30 19:11:29', '2018-04-02 19:20:11', '');
INSERT INTO `irp_auth_rule` VALUES ('3', 'admin/AdminUserManage/admin_list', '获取管理员列表接口', '管理员管理', '1', '1', '', '2018-03-30 19:59:02', '2018-04-02 16:51:52', '');
INSERT INTO `irp_auth_rule` VALUES ('4', 'admin/ViewManage/group', '查看管理员分组页面', '管理员管理', '1', '1', '', '2018-03-30 20:42:12', '2018-04-02 19:06:00', '');
INSERT INTO `irp_auth_rule` VALUES ('5', 'admin/ViewManage/group_rule', '查看权限规则页面', '管理员管理', '1', '1', '', '2018-04-01 14:02:42', '2018-04-02 19:06:19', '');
INSERT INTO `irp_auth_rule` VALUES ('6', 'admin/AdminUserManage/add_admin', '添加管理员', '管理员管理', '1', '1', '', '2018-04-01 14:59:28', '2018-04-02 16:52:14', '添加管理员用户');
INSERT INTO `irp_auth_rule` VALUES ('7', 'admin/ViewManage/admin_manage_view', '查看管理员用户页面', '用户管理', '1', '1', '', '2018-04-01 21:08:20', '2018-04-02 19:06:42', '查看功能');
INSERT INTO `irp_auth_rule` VALUES ('8', 'admin/ViewManage/emailcode_view', '查看验证码记录页面', '用户管理', '1', '1', '', '2018-04-01 21:12:47', '2018-04-02 19:07:20', '信息查看');
INSERT INTO `irp_auth_rule` VALUES ('9', 'admin/ViewManage/user_manage_view', '查看用户列表页面', '用户管理', '1', '1', '', '2018-04-01 21:13:19', '2018-04-02 19:07:43', '');
INSERT INTO `irp_auth_rule` VALUES ('10', 'admin/ViewManage/avatar_index', '查看头像编辑页面', '基本功能', '1', '1', '', '2018-04-02 15:46:28', '2018-04-02 19:20:43', '修改头像页面');
INSERT INTO `irp_auth_rule` VALUES ('11', 'admin/UserManage/user_list', '获取用户列表接口', '用户管理', '1', '1', '', '2018-04-02 15:47:34', '2018-04-02 16:53:24', '');
INSERT INTO `irp_auth_rule` VALUES ('12', 'admin/emailcode/emailcode_list', '获取邮箱验证码列表', '用户管理', '1', '1', '', '2018-04-02 15:48:56', '2018-04-02 16:53:30', '');
INSERT INTO `irp_auth_rule` VALUES ('13', 'admin/UserManage/add_user', '添加用户接口', '用户管理', '1', '1', '', '2018-04-02 15:50:30', '2018-04-02 16:53:35', '');
INSERT INTO `irp_auth_rule` VALUES ('14', 'admin/UserManage/del_user', '删除用户接口', '用户管理', '1', '1', '', '2018-04-02 15:51:04', '2018-04-02 16:53:41', '');
INSERT INTO `irp_auth_rule` VALUES ('15', 'admin/UserManage/defriend_user', '禁用用户接口', '用户管理', '1', '1', '', '2018-04-02 15:51:48', '2018-04-02 16:53:46', '');
INSERT INTO `irp_auth_rule` VALUES ('16', 'admin/UserManage/reset_user', '重置用户接口', '用户管理', '1', '1', '', '2018-04-02 15:52:13', '2018-04-02 16:53:51', '');
INSERT INTO `irp_auth_rule` VALUES ('17', 'admin/UserManage/edit_user', '修改用户信息接口', '用户管理', '1', '1', '', '2018-04-02 15:52:44', '2018-04-02 19:09:32', '');
INSERT INTO `irp_auth_rule` VALUES ('18', 'admin/UserManage/login_list', '查看用户登录记录页面', '用户管理', '1', '1', '', '2018-04-02 15:53:57', '2018-04-02 16:54:00', '');
INSERT INTO `irp_auth_rule` VALUES ('19', 'admin/AdminUserManage/del_admin', '删除管理员接口', '管理员管理', '1', '1', '', '2018-04-02 15:58:53', '2018-04-02 16:54:12', '');
INSERT INTO `irp_auth_rule` VALUES ('20', 'admin/AdminUserManage/defriend_admin', '禁用管理员接口', '管理员管理', '1', '1', '', '2018-04-02 15:59:26', '2018-04-02 16:54:37', '');
INSERT INTO `irp_auth_rule` VALUES ('21', 'admin/AdminUserManage/reset_admin', '重置管理员接口', '管理员管理', '1', '1', '', '2018-04-02 15:59:53', '2018-04-02 16:54:41', '');
INSERT INTO `irp_auth_rule` VALUES ('22', 'admin/AdminUserManage/edit_admin', '修改管理员信息接口', '管理员管理', '1', '1', '', '2018-04-02 16:00:18', '2018-04-02 16:54:47', '');
INSERT INTO `irp_auth_rule` VALUES ('23', 'admin/AdminUserManage/login_list', '查看管理员登录记录页面', '管理员管理', '1', '1', '', '2018-04-02 16:02:21', '2018-04-02 16:54:52', '');
INSERT INTO `irp_auth_rule` VALUES ('24', 'admin/ViewManage/interface_manage', '查看接口管理页面', '接口管理', '1', '1', '', '2018-04-02 16:02:54', '2018-04-02 16:55:03', '');
INSERT INTO `irp_auth_rule` VALUES ('25', 'admin/ViewManage/interface_log', '查看用户接口使用记录', '接口管理', '1', '1', '', '2018-04-02 16:03:45', '2018-04-02 16:55:07', '');
INSERT INTO `irp_auth_rule` VALUES ('26', 'admin/InterfaceManage/interface_list', '获取接口信息列表', '接口管理', '1', '1', '', '2018-04-02 16:04:29', '2018-04-02 16:55:12', '');
INSERT INTO `irp_auth_rule` VALUES ('27', 'admin/InterfaceManage/interface_del', '删除用API接口', '接口管理', '1', '1', '', '2018-04-02 16:05:17', '2018-04-02 16:55:17', '');
INSERT INTO `irp_auth_rule` VALUES ('28', 'admin/InterfaceManage/interface_adopt', 'API审核通过接口', '接口管理', '1', '1', '', '2018-04-02 16:05:55', '2018-04-02 16:55:21', '');
INSERT INTO `irp_auth_rule` VALUES ('29', 'admin/InterfaceManage/interface_no_adopt', 'API审核不通过接口', '接口管理', '1', '1', '', '2018-04-02 16:06:23', '2018-04-02 16:55:26', '');
INSERT INTO `irp_auth_rule` VALUES ('30', 'admin/InterfaceManage/interface_add', '添加API接口', '接口管理', '1', '1', '', '2018-04-02 16:06:56', '2018-04-02 16:55:32', '');
INSERT INTO `irp_auth_rule` VALUES ('31', 'admin/InterfaceManage/interface_reset', 'API重置KEY接口', '接口管理', '1', '1', '', '2018-04-02 16:07:39', '2018-04-02 16:55:37', '');
INSERT INTO `irp_auth_rule` VALUES ('32', 'admin/ViewManage/news_index', '查看消息管理页面', '消息管理', '1', '1', '', '2018-04-02 16:58:00', '2018-04-02 16:58:00', '');
INSERT INTO `irp_auth_rule` VALUES ('33', 'admin/NewsManage/news_list', '获取消息列表接口', '消息管理', '1', '1', '', '2018-04-02 16:59:33', '2018-04-02 16:59:33', '');
INSERT INTO `irp_auth_rule` VALUES ('34', 'admin/NewsManage/news_del', '删除消息接口', '消息管理', '1', '1', '', '2018-04-02 16:59:53', '2018-04-02 16:59:53', '');
INSERT INTO `irp_auth_rule` VALUES ('35', 'admin/NewsManage/news_add', '添加站内消息接口', '消息管理', '1', '1', '', '2018-04-02 17:00:35', '2018-04-02 17:00:35', '');
INSERT INTO `irp_auth_rule` VALUES ('36', 'admin/NewsManage/news_edit', '编辑消息接口', '消息管理', '1', '1', '', '2018-04-02 17:00:57', '2018-04-02 17:00:57', '');
INSERT INTO `irp_auth_rule` VALUES ('37', 'admin/ViewManage/setting_index', '查看系统设置页面', '系统设置', '1', '1', '', '2018-04-02 17:01:35', '2018-04-02 17:01:35', '');
INSERT INTO `irp_auth_rule` VALUES ('38', 'admin/SystemManage/save_setting', '系统设置保存接口', '系统设置', '1', '1', '', '2018-04-02 17:01:58', '2018-04-02 17:01:58', '');
INSERT INTO `irp_auth_rule` VALUES ('39', 'admin/BackupManage/backup_tables', '备份指定表格接口', '备份还原', '1', '1', '', '2018-04-02 17:02:30', '2018-04-02 17:04:56', '');
INSERT INTO `irp_auth_rule` VALUES ('40', 'admin/ViewManage/backup_index', '查看备份还原页面', '备份还原', '1', '1', '', '2018-04-02 17:04:32', '2018-04-02 17:04:32', '');
INSERT INTO `irp_auth_rule` VALUES ('41', 'admin/BackupManage/reset_tables', '还原指定表的接口', '备份还原', '1', '1', '', '2018-04-02 17:05:33', '2018-04-02 17:05:33', '');
INSERT INTO `irp_auth_rule` VALUES ('42', 'admin/BackupManage/optimize_tables', '优化指定表格接口', '备份还原', '1', '1', '', '2018-04-02 17:06:01', '2018-04-02 17:06:37', '');
INSERT INTO `irp_auth_rule` VALUES ('43', 'admin/BackupManage/repair_tables', '修复指定表格接口', '备份还原', '1', '1', '', '2018-04-02 17:06:27', '2018-04-02 17:06:27', '');
INSERT INTO `irp_auth_rule` VALUES ('44', 'admin/BackupManage/del_backup', '删除已备份表接口', '备份还原', '1', '1', '', '2018-04-02 17:07:14', '2018-04-02 17:07:14', '');
INSERT INTO `irp_auth_rule` VALUES ('45', 'admin/BackupManage/download_backup', '打包备份文件接口', '备份还原', '1', '1', '', '2018-04-02 17:07:36', '2018-04-02 17:09:37', '');
INSERT INTO `irp_auth_rule` VALUES ('46', 'admin/BackupManage/download_file', '下载打包文件接口', '备份还原', '1', '1', '', '2018-04-02 17:10:09', '2018-04-02 17:10:09', '');
INSERT INTO `irp_auth_rule` VALUES ('47', 'admin/GroupManage/group_add', '添加分组接口', '管理员管理', '1', '1', '', '2018-04-02 18:04:01', '2018-04-02 18:04:01', '');
INSERT INTO `irp_auth_rule` VALUES ('48', 'admin/GroupManage/group_edit', '编辑分组信息接口', '管理员管理', '1', '1', '', '2018-04-02 18:05:05', '2018-04-02 18:05:05', '');
INSERT INTO `irp_auth_rule` VALUES ('49', 'admin/GroupManage/group_del', '删除分组接口', '管理员管理', '1', '1', '', '2018-04-02 18:05:41', '2018-04-02 18:05:41', '');
INSERT INTO `irp_auth_rule` VALUES ('50', 'admin/GroupManage/group_defriend', '禁用分组接口', '管理员管理', '1', '1', '', '2018-04-02 18:06:07', '2018-04-02 18:06:07', '');
INSERT INTO `irp_auth_rule` VALUES ('51', 'admin/GroupRuleManage/GroupRule_list', '获取权限规则接口', '管理员管理', '1', '1', '', '2018-04-02 18:07:32', '2018-04-02 18:07:32', '');
INSERT INTO `irp_auth_rule` VALUES ('52', 'admin/GroupRuleManage/GroupRule_edit', '修改权限规则接口', '管理员管理', '1', '1', '', '2018-04-02 18:08:08', '2018-04-02 18:08:08', '');
INSERT INTO `irp_auth_rule` VALUES ('53', 'admin/GroupRuleManage/GroupRule_del', '删除权限规则接口', '管理员管理', '1', '1', '', '2018-04-02 18:08:30', '2018-04-02 18:08:30', '');
INSERT INTO `irp_auth_rule` VALUES ('54', 'admin/GroupRuleManage/GroupRule_add', '添加权限规则接口', '管理员管理', '1', '1', '', '2018-04-02 18:08:57', '2018-04-02 18:08:57', '');
INSERT INTO `irp_auth_rule` VALUES ('55', 'admin/GroupRuleManage/GroupRule_defriend', '禁用权限规则接口', '管理员管理', '1', '1', '', '2018-04-02 18:09:20', '2018-04-02 18:09:20', '');
INSERT INTO `irp_auth_rule` VALUES ('56', 'admin/GroupAcessManage/Access_list', '获取分组成员列表接口', '管理员管理', '1', '1', '', '2018-04-02 18:10:14', '2018-04-02 18:10:14', '');
INSERT INTO `irp_auth_rule` VALUES ('57', 'admin/GroupAcessManage/Access_add', '分组添加成员接口', '管理员管理', '1', '1', '', '2018-04-02 18:10:47', '2018-04-02 18:10:47', '');
INSERT INTO `irp_auth_rule` VALUES ('58', 'admin/GroupAcessManage/Access_del', '删除分组成员接口', '管理员管理', '1', '1', '', '2018-04-02 18:11:14', '2018-04-02 18:11:14', '');
INSERT INTO `irp_auth_rule` VALUES ('59', 'admin/ViewManage/message_receive', '查看收信箱页面', '信箱管理', '1', '1', '', '2018-04-02 18:12:58', '2018-04-02 18:12:58', '');
INSERT INTO `irp_auth_rule` VALUES ('60', 'admin/ViewManage/message_reply', '查看发信箱页面', '信箱管理', '1', '1', '', '2018-04-02 18:13:42', '2018-04-02 18:13:42', '');
INSERT INTO `irp_auth_rule` VALUES ('61', 'admin/ViewManage/message_detail', '查看信件详情页面', '信箱管理', '1', '1', '', '2018-04-02 18:14:13', '2018-04-02 18:14:13', '');
INSERT INTO `irp_auth_rule` VALUES ('62', 'admin/MessageManage/download_img_message', '下载信箱附件接口', '信箱管理', '1', '1', '', '2018-04-02 18:15:08', '2018-04-02 18:15:08', '');
INSERT INTO `irp_auth_rule` VALUES ('63', 'admin/ViewManage/write_message', '查看写信页面', '信箱管理', '1', '1', '', '2018-04-02 18:15:36', '2018-04-02 18:15:36', '');
INSERT INTO `irp_auth_rule` VALUES ('64', 'admin/MessageManage/draft_message', '标记信件为草稿接口', '信箱管理', '1', '1', '', '2018-04-02 18:16:07', '2018-04-02 18:18:31', '');
INSERT INTO `irp_auth_rule` VALUES ('65', 'admin/MessageManage/view_message', '标记信件已读接口', '信箱管理', '1', '1', '', '2018-04-02 18:16:46', '2018-04-02 18:16:46', '');
INSERT INTO `irp_auth_rule` VALUES ('66', 'admin/MessageManage/important_message', '标记信件为重要接口', '信箱管理', '1', '1', '', '2018-04-02 18:17:19', '2018-04-02 18:17:19', '');
INSERT INTO `irp_auth_rule` VALUES ('67', 'admin/MessageManage/trash_message', '标记信件为垃圾接口', '信箱管理', '1', '1', '', '2018-04-02 18:18:05', '2018-04-02 18:20:47', '');
INSERT INTO `irp_auth_rule` VALUES ('68', 'admin/GroupManage/group_list', '获取分组列表接口', '管理员管理', '1', '1', '', '2018-04-02 18:47:35', '2018-04-02 18:47:35', '');
INSERT INTO `irp_auth_rule` VALUES ('69', 'admin/AvatarManage/admin_avatar', '保存管理员头像接口', '基本功能', '1', '1', null, '2018-04-02 19:09:00', '2018-04-02 19:20:39', '');
INSERT INTO `irp_auth_rule` VALUES ('70', 'admin/InterfaceLogManage/log_list', '查看用户API使用记录', '接口管理', '1', '1', null, '2018-05-03 14:28:03', '2018-05-03 14:28:32', '');
INSERT INTO `irp_auth_rule` VALUES ('71', 'admin/MessageManage/send_message', '发送信件', '信箱管理', '1', '1', null, '2018-05-10 19:09:18', '2018-05-10 19:09:18', '');

-- ----------------------------
-- Table structure for irp_backup
-- ----------------------------
DROP TABLE IF EXISTS `irp_backup`;
CREATE TABLE `irp_backup` (
  `uid` int(11) NOT NULL AUTO_INCREMENT,
  `table_name` varchar(255) DEFAULT NULL,
  `file_name` varchar(255) DEFAULT NULL,
  `backup_time` datetime DEFAULT NULL,
  `download_count` int(255) unsigned zerofill DEFAULT NULL,
  `reset_time` datetime DEFAULT NULL,
  `reset_count` int(255) unsigned zerofill DEFAULT NULL,
  `status` int(255) DEFAULT NULL,
  PRIMARY KEY (`uid`)
) ENGINE=InnoDB AUTO_INCREMENT=41 DEFAULT CHARSET=utf8;

-- ----------------------------
-- Records of irp_backup
-- ----------------------------
INSERT INTO `irp_backup` VALUES ('1', 'irp_user', 'irp_user_1514105622.sql', '2017-12-24 16:53:42', '000000000000000000000000000000000000000000000000000000000000000000000000000000000000000000000000000000000000000000000000000000000000000000000000000000000000000000000000000000000000000000000000000000000000000000000000000000000000000000000000000000000000000', null, '000000000000000000000000000000000000000000000000000000000000000000000000000000000000000000000000000000000000000000000000000000000000000000000000000000000000000000000000000000000000000000000000000000000000000000000000000000000000000000000000000000000000000', '0');
INSERT INTO `irp_backup` VALUES ('2', 'irp_admin_user', 'irp_admin_user_1514116320.sql', '2017-12-24 19:52:00', '000000000000000000000000000000000000000000000000000000000000000000000000000000000000000000000000000000000000000000000000000000000000000000000000000000000000000000000000000000000000000000000000000000000000000000000000000000000000000000000000000000000000000', null, '000000000000000000000000000000000000000000000000000000000000000000000000000000000000000000000000000000000000000000000000000000000000000000000000000000000000000000000000000000000000000000000000000000000000000000000000000000000000000000000000000000000000000', '0');
INSERT INTO `irp_backup` VALUES ('3', 'irp_user', 'irp_user_1514116320.sql', '2017-12-24 19:52:00', '000000000000000000000000000000000000000000000000000000000000000000000000000000000000000000000000000000000000000000000000000000000000000000000000000000000000000000000000000000000000000000000000000000000000000000000000000000000000000000000000000000000000000', null, '000000000000000000000000000000000000000000000000000000000000000000000000000000000000000000000000000000000000000000000000000000000000000000000000000000000000000000000000000000000000000000000000000000000000000000000000000000000000000000000000000000000000000', '0');
INSERT INTO `irp_backup` VALUES ('4', 'irp_admin_user', 'irp_admin_user_1514116352.sql', '2017-12-24 19:52:32', '000000000000000000000000000000000000000000000000000000000000000000000000000000000000000000000000000000000000000000000000000000000000000000000000000000000000000000000000000000000000000000000000000000000000000000000000000000000000000000000000000000000000000', null, '000000000000000000000000000000000000000000000000000000000000000000000000000000000000000000000000000000000000000000000000000000000000000000000000000000000000000000000000000000000000000000000000000000000000000000000000000000000000000000000000000000000000000', '0');
INSERT INTO `irp_backup` VALUES ('5', 'irp_user', 'irp_user_1514116353.sql', '2017-12-24 19:52:33', '000000000000000000000000000000000000000000000000000000000000000000000000000000000000000000000000000000000000000000000000000000000000000000000000000000000000000000000000000000000000000000000000000000000000000000000000000000000000000000000000000000000000000', null, '000000000000000000000000000000000000000000000000000000000000000000000000000000000000000000000000000000000000000000000000000000000000000000000000000000000000000000000000000000000000000000000000000000000000000000000000000000000000000000000000000000000000000', '0');
INSERT INTO `irp_backup` VALUES ('6', 'irp_admin_user', 'irp_admin_user_1514116361.sql', '2017-12-24 19:52:41', '000000000000000000000000000000000000000000000000000000000000000000000000000000000000000000000000000000000000000000000000000000000000000000000000000000000000000000000000000000000000000000000000000000000000000000000000000000000000000000000000000000000000000', null, '000000000000000000000000000000000000000000000000000000000000000000000000000000000000000000000000000000000000000000000000000000000000000000000000000000000000000000000000000000000000000000000000000000000000000000000000000000000000000000000000000000000000000', '0');
INSERT INTO `irp_backup` VALUES ('7', 'irp_user', 'irp_user_1514116361.sql', '2017-12-24 19:52:41', '000000000000000000000000000000000000000000000000000000000000000000000000000000000000000000000000000000000000000000000000000000000000000000000000000000000000000000000000000000000000000000000000000000000000000000000000000000000000000000000000000000000000000', null, '000000000000000000000000000000000000000000000000000000000000000000000000000000000000000000000000000000000000000000000000000000000000000000000000000000000000000000000000000000000000000000000000000000000000000000000000000000000000000000000000000000000000000', '0');
INSERT INTO `irp_backup` VALUES ('8', 'irp_backup', 'irp_backup_1514120397.sql', '2017-12-24 20:59:57', '000000000000000000000000000000000000000000000000000000000000000000000000000000000000000000000000000000000000000000000000000000000000000000000000000000000000000000000000000000000000000000000000000000000000000000000000000000000000000000000000000000000000000', null, '000000000000000000000000000000000000000000000000000000000000000000000000000000000000000000000000000000000000000000000000000000000000000000000000000000000000000000000000000000000000000000000000000000000000000000000000000000000000000000000000000000000000000', '0');
INSERT INTO `irp_backup` VALUES ('9', 'irp_backup', 'irp_backup_1514120452.sql', '2017-12-24 21:00:52', '000000000000000000000000000000000000000000000000000000000000000000000000000000000000000000000000000000000000000000000000000000000000000000000000000000000000000000000000000000000000000000000000000000000000000000000000000000000000000000000000000000000000000', null, '000000000000000000000000000000000000000000000000000000000000000000000000000000000000000000000000000000000000000000000000000000000000000000000000000000000000000000000000000000000000000000000000000000000000000000000000000000000000000000000000000000000000000', '0');
INSERT INTO `irp_backup` VALUES ('10', 'irp_backup', 'irp_backup_1514120538.sql', '2017-12-24 21:02:18', '000000000000000000000000000000000000000000000000000000000000000000000000000000000000000000000000000000000000000000000000000000000000000000000000000000000000000000000000000000000000000000000000000000000000000000000000000000000000000000000000000000000000000', null, '000000000000000000000000000000000000000000000000000000000000000000000000000000000000000000000000000000000000000000000000000000000000000000000000000000000000000000000000000000000000000000000000000000000000000000000000000000000000000000000000000000000000000', '0');
INSERT INTO `irp_backup` VALUES ('11', 'irp_backup', 'irp_backup_1514120563.sql', '2017-12-24 21:02:43', '000000000000000000000000000000000000000000000000000000000000000000000000000000000000000000000000000000000000000000000000000000000000000000000000000000000000000000000000000000000000000000000000000000000000000000000000000000000000000000000000000000000000000', null, '000000000000000000000000000000000000000000000000000000000000000000000000000000000000000000000000000000000000000000000000000000000000000000000000000000000000000000000000000000000000000000000000000000000000000000000000000000000000000000000000000000000000000', '0');
INSERT INTO `irp_backup` VALUES ('12', 'irp_backup', 'irp_backup_1514120706.sql', '2017-12-24 21:05:06', '000000000000000000000000000000000000000000000000000000000000000000000000000000000000000000000000000000000000000000000000000000000000000000000000000000000000000000000000000000000000000000000000000000000000000000000000000000000000000000000000000000000000000', null, '000000000000000000000000000000000000000000000000000000000000000000000000000000000000000000000000000000000000000000000000000000000000000000000000000000000000000000000000000000000000000000000000000000000000000000000000000000000000000000000000000000000000000', '0');
INSERT INTO `irp_backup` VALUES ('13', 'irp_backup', 'irp_backup_1514120943.sql', '2017-12-24 21:09:03', '000000000000000000000000000000000000000000000000000000000000000000000000000000000000000000000000000000000000000000000000000000000000000000000000000000000000000000000000000000000000000000000000000000000000000000000000000000000000000000000000000000000000000', null, '000000000000000000000000000000000000000000000000000000000000000000000000000000000000000000000000000000000000000000000000000000000000000000000000000000000000000000000000000000000000000000000000000000000000000000000000000000000000000000000000000000000000000', '0');
INSERT INTO `irp_backup` VALUES ('14', 'irp_backup', 'irp_backup_1514121242.sql', '2017-12-24 21:14:02', '000000000000000000000000000000000000000000000000000000000000000000000000000000000000000000000000000000000000000000000000000000000000000000000000000000000000000000000000000000000000000000000000000000000000000000000000000000000000000000000000000000000000000', null, '000000000000000000000000000000000000000000000000000000000000000000000000000000000000000000000000000000000000000000000000000000000000000000000000000000000000000000000000000000000000000000000000000000000000000000000000000000000000000000000000000000000000000', '0');
INSERT INTO `irp_backup` VALUES ('15', 'irp_backup', 'irp_backup_1514121353.sql', '2017-12-24 21:15:53', '000000000000000000000000000000000000000000000000000000000000000000000000000000000000000000000000000000000000000000000000000000000000000000000000000000000000000000000000000000000000000000000000000000000000000000000000000000000000000000000000000000000000000', null, '000000000000000000000000000000000000000000000000000000000000000000000000000000000000000000000000000000000000000000000000000000000000000000000000000000000000000000000000000000000000000000000000000000000000000000000000000000000000000000000000000000000000000', '0');
INSERT INTO `irp_backup` VALUES ('16', 'irp_backup', 'irp_backup_1514121566.sql', '2017-12-24 21:19:26', '000000000000000000000000000000000000000000000000000000000000000000000000000000000000000000000000000000000000000000000000000000000000000000000000000000000000000000000000000000000000000000000000000000000000000000000000000000000000000000000000000000000000000', null, '000000000000000000000000000000000000000000000000000000000000000000000000000000000000000000000000000000000000000000000000000000000000000000000000000000000000000000000000000000000000000000000000000000000000000000000000000000000000000000000000000000000000000', '0');
INSERT INTO `irp_backup` VALUES ('17', 'irp_backup', 'irp_backup_1514121600.sql', '2017-12-24 21:20:00', '000000000000000000000000000000000000000000000000000000000000000000000000000000000000000000000000000000000000000000000000000000000000000000000000000000000000000000000000000000000000000000000000000000000000000000000000000000000000000000000000000000000000000', null, '000000000000000000000000000000000000000000000000000000000000000000000000000000000000000000000000000000000000000000000000000000000000000000000000000000000000000000000000000000000000000000000000000000000000000000000000000000000000000000000000000000000000000', '0');
INSERT INTO `irp_backup` VALUES ('18', 'irp_backup', 'irp_backup_1514121626.sql', '2017-12-24 21:20:26', '000000000000000000000000000000000000000000000000000000000000000000000000000000000000000000000000000000000000000000000000000000000000000000000000000000000000000000000000000000000000000000000000000000000000000000000000000000000000000000000000000000000000000', null, '000000000000000000000000000000000000000000000000000000000000000000000000000000000000000000000000000000000000000000000000000000000000000000000000000000000000000000000000000000000000000000000000000000000000000000000000000000000000000000000000000000000000000', '0');
INSERT INTO `irp_backup` VALUES ('19', 'irp_backup', 'irp_backup_1514121887.sql', '2017-12-24 21:24:47', '000000000000000000000000000000000000000000000000000000000000000000000000000000000000000000000000000000000000000000000000000000000000000000000000000000000000000000000000000000000000000000000000000000000000000000000000000000000000000000000000000000000000000', null, '000000000000000000000000000000000000000000000000000000000000000000000000000000000000000000000000000000000000000000000000000000000000000000000000000000000000000000000000000000000000000000000000000000000000000000000000000000000000000000000000000000000000000', '0');
INSERT INTO `irp_backup` VALUES ('20', 'irp_backup', 'irp_backup_1514122475.sql', '2017-12-24 21:34:35', '000000000000000000000000000000000000000000000000000000000000000000000000000000000000000000000000000000000000000000000000000000000000000000000000000000000000000000000000000000000000000000000000000000000000000000000000000000000000000000000000000000000000000', null, '000000000000000000000000000000000000000000000000000000000000000000000000000000000000000000000000000000000000000000000000000000000000000000000000000000000000000000000000000000000000000000000000000000000000000000000000000000000000000000000000000000000000000', '0');
INSERT INTO `irp_backup` VALUES ('21', 'irp_backup', 'irp_backup_1514122557.sql', '2017-12-24 21:35:57', '000000000000000000000000000000000000000000000000000000000000000000000000000000000000000000000000000000000000000000000000000000000000000000000000000000000000000000000000000000000000000000000000000000000000000000000000000000000000000000000000000000000000000', null, '000000000000000000000000000000000000000000000000000000000000000000000000000000000000000000000000000000000000000000000000000000000000000000000000000000000000000000000000000000000000000000000000000000000000000000000000000000000000000000000000000000000000000', '0');
INSERT INTO `irp_backup` VALUES ('22', 'irp_backup', 'irp_backup_1514122595.sql', '2017-12-24 21:36:35', '000000000000000000000000000000000000000000000000000000000000000000000000000000000000000000000000000000000000000000000000000000000000000000000000000000000000000000000000000000000000000000000000000000000000000000000000000000000000000000000000000000000000000', null, '000000000000000000000000000000000000000000000000000000000000000000000000000000000000000000000000000000000000000000000000000000000000000000000000000000000000000000000000000000000000000000000000000000000000000000000000000000000000000000000000000000000000000', '0');
INSERT INTO `irp_backup` VALUES ('23', 'irp_backup', 'irp_backup_1514122723.sql', '2017-12-24 21:38:43', '000000000000000000000000000000000000000000000000000000000000000000000000000000000000000000000000000000000000000000000000000000000000000000000000000000000000000000000000000000000000000000000000000000000000000000000000000000000000000000000000000000000000000', null, '000000000000000000000000000000000000000000000000000000000000000000000000000000000000000000000000000000000000000000000000000000000000000000000000000000000000000000000000000000000000000000000000000000000000000000000000000000000000000000000000000000000000000', '0');
INSERT INTO `irp_backup` VALUES ('24', 'irp_backup', 'irp_backup_1514122778.sql', '2017-12-24 21:39:38', '000000000000000000000000000000000000000000000000000000000000000000000000000000000000000000000000000000000000000000000000000000000000000000000000000000000000000000000000000000000000000000000000000000000000000000000000000000000000000000000000000000000000000', null, '000000000000000000000000000000000000000000000000000000000000000000000000000000000000000000000000000000000000000000000000000000000000000000000000000000000000000000000000000000000000000000000000000000000000000000000000000000000000000000000000000000000000000', '0');
INSERT INTO `irp_backup` VALUES ('25', 'irp_backup', 'irp_backup_1514122840.sql', '2017-12-24 21:40:40', '000000000000000000000000000000000000000000000000000000000000000000000000000000000000000000000000000000000000000000000000000000000000000000000000000000000000000000000000000000000000000000000000000000000000000000000000000000000000000000000000000000000000000', null, '000000000000000000000000000000000000000000000000000000000000000000000000000000000000000000000000000000000000000000000000000000000000000000000000000000000000000000000000000000000000000000000000000000000000000000000000000000000000000000000000000000000000000', '0');
INSERT INTO `irp_backup` VALUES ('26', 'irp_backup', 'irp_backup_1514122884.sql', '2017-12-24 21:41:24', '000000000000000000000000000000000000000000000000000000000000000000000000000000000000000000000000000000000000000000000000000000000000000000000000000000000000000000000000000000000000000000000000000000000000000000000000000000000000000000000000000000000000000', null, '000000000000000000000000000000000000000000000000000000000000000000000000000000000000000000000000000000000000000000000000000000000000000000000000000000000000000000000000000000000000000000000000000000000000000000000000000000000000000000000000000000000000000', '0');
INSERT INTO `irp_backup` VALUES ('27', 'irp_backup', 'irp_backup_1514122908.sql', '2017-12-24 21:41:48', '000000000000000000000000000000000000000000000000000000000000000000000000000000000000000000000000000000000000000000000000000000000000000000000000000000000000000000000000000000000000000000000000000000000000000000000000000000000000000000000000000000000000000', null, '000000000000000000000000000000000000000000000000000000000000000000000000000000000000000000000000000000000000000000000000000000000000000000000000000000000000000000000000000000000000000000000000000000000000000000000000000000000000000000000000000000000000000', '0');
INSERT INTO `irp_backup` VALUES ('28', 'irp_backup', 'irp_backup_1514122959.sql', '2017-12-24 21:42:39', '000000000000000000000000000000000000000000000000000000000000000000000000000000000000000000000000000000000000000000000000000000000000000000000000000000000000000000000000000000000000000000000000000000000000000000000000000000000000000000000000000000000000000', null, '000000000000000000000000000000000000000000000000000000000000000000000000000000000000000000000000000000000000000000000000000000000000000000000000000000000000000000000000000000000000000000000000000000000000000000000000000000000000000000000000000000000000000', '0');
INSERT INTO `irp_backup` VALUES ('29', 'irp_admin_user', 'irp_admin_user_1514188533.sql', '2017-12-25 15:55:33', '000000000000000000000000000000000000000000000000000000000000000000000000000000000000000000000000000000000000000000000000000000000000000000000000000000000000000000000000000000000000000000000000000000000000000000000000000000000000000000000000000000000000000', null, '000000000000000000000000000000000000000000000000000000000000000000000000000000000000000000000000000000000000000000000000000000000000000000000000000000000000000000000000000000000000000000000000000000000000000000000000000000000000000000000000000000000000000', '0');
INSERT INTO `irp_backup` VALUES ('30', 'irp_backup', 'irp_backup_1514188533.sql', '2017-12-25 15:55:33', '000000000000000000000000000000000000000000000000000000000000000000000000000000000000000000000000000000000000000000000000000000000000000000000000000000000000000000000000000000000000000000000000000000000000000000000000000000000000000000000000000000000000000', null, '000000000000000000000000000000000000000000000000000000000000000000000000000000000000000000000000000000000000000000000000000000000000000000000000000000000000000000000000000000000000000000000000000000000000000000000000000000000000000000000000000000000000000', '0');
INSERT INTO `irp_backup` VALUES ('31', 'irp_admin_user', 'irp_admin_user_1514188580.sql', '2017-12-25 15:56:20', '000000000000000000000000000000000000000000000000000000000000000000000000000000000000000000000000000000000000000000000000000000000000000000000000000000000000000000000000000000000000000000000000000000000000000000000000000000000000000000000000000000000000002', null, '000000000000000000000000000000000000000000000000000000000000000000000000000000000000000000000000000000000000000000000000000000000000000000000000000000000000000000000000000000000000000000000000000000000000000000000000000000000000000000000000000000000000000', '1');
INSERT INTO `irp_backup` VALUES ('32', 'irp_backup', 'irp_backup_1514188580.sql', '2017-12-25 15:56:20', '000000000000000000000000000000000000000000000000000000000000000000000000000000000000000000000000000000000000000000000000000000000000000000000000000000000000000000000000000000000000000000000000000000000000000000000000000000000000000000000000000000000000001', null, '000000000000000000000000000000000000000000000000000000000000000000000000000000000000000000000000000000000000000000000000000000000000000000000000000000000000000000000000000000000000000000000000000000000000000000000000000000000000000000000000000000000000000', '1');
INSERT INTO `irp_backup` VALUES ('33', 'irp_message', 'irp_message_1514188580.sql', '2017-12-25 15:56:20', '000000000000000000000000000000000000000000000000000000000000000000000000000000000000000000000000000000000000000000000000000000000000000000000000000000000000000000000000000000000000000000000000000000000000000000000000000000000000000000000000000000000000002', null, '000000000000000000000000000000000000000000000000000000000000000000000000000000000000000000000000000000000000000000000000000000000000000000000000000000000000000000000000000000000000000000000000000000000000000000000000000000000000000000000000000000000000000', '1');
INSERT INTO `irp_backup` VALUES ('34', 'irp_setting', 'irp_setting_1514188581.sql', '2017-12-25 15:56:21', '000000000000000000000000000000000000000000000000000000000000000000000000000000000000000000000000000000000000000000000000000000000000000000000000000000000000000000000000000000000000000000000000000000000000000000000000000000000000000000000000000000000000003', null, '000000000000000000000000000000000000000000000000000000000000000000000000000000000000000000000000000000000000000000000000000000000000000000000000000000000000000000000000000000000000000000000000000000000000000000000000000000000000000000000000000000000000000', '1');
INSERT INTO `irp_backup` VALUES ('35', 'irp_message', 'irp_message_1514207020.sql', '2017-12-25 21:03:40', '000000000000000000000000000000000000000000000000000000000000000000000000000000000000000000000000000000000000000000000000000000000000000000000000000000000000000000000000000000000000000000000000000000000000000000000000000000000000000000000000000000000000003', '2017-12-25 21:04:11', '000000000000000000000000000000000000000000000000000000000000000000000000000000000000000000000000000000000000000000000000000000000000000000000000000000000000000000000000000000000000000000000000000000000000000000000000000000000000000000000000000000000000002', '1');
INSERT INTO `irp_backup` VALUES ('36', 'irp_user_emailcode', 'irp_user_emailcode_1514712015.sql', '2017-12-31 17:20:15', '000000000000000000000000000000000000000000000000000000000000000000000000000000000000000000000000000000000000000000000000000000000000000000000000000000000000000000000000000000000000000000000000000000000000000000000000000000000000000000000000000000000000000', null, '000000000000000000000000000000000000000000000000000000000000000000000000000000000000000000000000000000000000000000000000000000000000000000000000000000000000000000000000000000000000000000000000000000000000000000000000000000000000000000000000000000000000000', '1');
INSERT INTO `irp_backup` VALUES ('37', 'irp_visit', 'irp_visit_1521437584.sql', '2018-03-19 13:33:04', '000000000000000000000000000000000000000000000000000000000000000000000000000000000000000000000000000000000000000000000000000000000000000000000000000000000000000000000000000000000000000000000000000000000000000000000000000000000000000000000000000000000000000', null, '000000000000000000000000000000000000000000000000000000000000000000000000000000000000000000000000000000000000000000000000000000000000000000000000000000000000000000000000000000000000000000000000000000000000000000000000000000000000000000000000000000000000000', '1');
INSERT INTO `irp_backup` VALUES ('38', 'irp_setting', 'irp_setting_1521441577.sql', '2018-03-19 14:39:37', '000000000000000000000000000000000000000000000000000000000000000000000000000000000000000000000000000000000000000000000000000000000000000000000000000000000000000000000000000000000000000000000000000000000000000000000000000000000000000000000000000000000000000', '2018-03-19 14:39:45', '000000000000000000000000000000000000000000000000000000000000000000000000000000000000000000000000000000000000000000000000000000000000000000000000000000000000000000000000000000000000000000000000000000000000000000000000000000000000000000000000000000000000001', '1');
INSERT INTO `irp_backup` VALUES ('39', 'irp_admin_user', 'irp_admin_user_1521443602.sql', '2018-03-19 15:13:22', '000000000000000000000000000000000000000000000000000000000000000000000000000000000000000000000000000000000000000000000000000000000000000000000000000000000000000000000000000000000000000000000000000000000000000000000000000000000000000000000000000000000000001', '2018-03-19 15:13:49', '000000000000000000000000000000000000000000000000000000000000000000000000000000000000000000000000000000000000000000000000000000000000000000000000000000000000000000000000000000000000000000000000000000000000000000000000000000000000000000000000000000000000001', '1');
INSERT INTO `irp_backup` VALUES ('40', 'irp_auth_group', 'irp_auth_group_1521443602.sql', '2018-03-19 15:13:22', '000000000000000000000000000000000000000000000000000000000000000000000000000000000000000000000000000000000000000000000000000000000000000000000000000000000000000000000000000000000000000000000000000000000000000000000000000000000000000000000000000000000000000', null, '000000000000000000000000000000000000000000000000000000000000000000000000000000000000000000000000000000000000000000000000000000000000000000000000000000000000000000000000000000000000000000000000000000000000000000000000000000000000000000000000000000000000000', '1');

-- ----------------------------
-- Table structure for irp_inter
-- ----------------------------
DROP TABLE IF EXISTS `irp_inter`;
CREATE TABLE `irp_inter` (
  `uid` int(11) NOT NULL AUTO_INCREMENT,
  `user_id` int(11) DEFAULT NULL,
  `key` varchar(255) NOT NULL,
  `type` int(11) DEFAULT NULL,
  `status` int(11) DEFAULT NULL,
  `submit_time` datetime DEFAULT NULL,
  `adopt_time` datetime DEFAULT NULL,
  `change_time` datetime DEFAULT NULL,
  PRIMARY KEY (`uid`),
  KEY `user_interface` (`user_id`),
  CONSTRAINT `user_interface` FOREIGN KEY (`user_id`) REFERENCES `irp_user` (`uid`) ON DELETE CASCADE ON UPDATE CASCADE
) ENGINE=InnoDB AUTO_INCREMENT=59 DEFAULT CHARSET=utf8;

-- ----------------------------
-- Records of irp_inter
-- ----------------------------
INSERT INTO `irp_inter` VALUES ('32', '8', 'dca7e68861712de2bf6e415ce96566db', '3', '2', '2017-01-12 16:06:48', '2018-01-13 21:47:12', '2018-01-12 16:06:48');
INSERT INTO `irp_inter` VALUES ('33', '9', '39c2cf17e87b6e08568410423f58b39c', '1', '2', '2018-01-13 21:23:51', '1970-01-01 00:00:00', '2018-01-13 16:06:48');
INSERT INTO `irp_inter` VALUES ('34', '9', 'c53aaf2d4946622a69459bfb3435c7ae', '2', '2', '2018-01-13 21:23:51', '1970-01-01 00:00:00', '2018-01-13 16:06:48');
INSERT INTO `irp_inter` VALUES ('35', '9', '1ac30af039c6a4c45568b1ce910ad01e', '3', '3', '2018-01-13 21:23:51', '2018-05-03 12:08:29', '2018-01-13 16:06:48');
INSERT INTO `irp_inter` VALUES ('45', '24', '4e6df7ac7ebee8ae5e35aee876ddd2a5', '1', '2', '2018-03-12 19:51:44', '2018-03-12 19:53:20', '2018-03-12 19:51:44');
INSERT INTO `irp_inter` VALUES ('46', '24', 'c192065a742d448fef1cad4089a1b09b', '2', '2', '2018-03-12 19:52:50', '2018-03-19 13:32:00', '2018-03-12 19:52:50');
INSERT INTO `irp_inter` VALUES ('47', '24', '57fc631cc1d38a5c77ccf70f98c7bebd', '3', '2', '2018-03-12 19:52:50', '2018-03-12 19:53:20', '2018-03-12 19:52:50');
INSERT INTO `irp_inter` VALUES ('48', '8', 'dca7e68861712de2bf6e415ce96566ds', '1', '1', '2018-05-10 18:44:02', '2018-05-10 18:47:41', '2018-05-10 18:47:29');
INSERT INTO `irp_inter` VALUES ('49', '8', 'dca7e68861712de2bf6e415ce96566da', '2', '1', '2018-05-10 18:44:28', '2018-05-10 18:47:44', '2018-05-10 18:47:27');
INSERT INTO `irp_inter` VALUES ('50', '14', 'c72fdb13f6a09dc4a98b9e87c4647213', '1', '1', '2018-05-10 18:46:29', '2018-05-10 18:46:29', '2018-05-10 18:46:29');
INSERT INTO `irp_inter` VALUES ('51', '14', '85ec0841abbdc84a44047ab5e57203d1', '2', '1', '2018-05-10 18:46:29', '2018-05-10 18:46:29', '2018-05-10 18:46:29');
INSERT INTO `irp_inter` VALUES ('52', '14', '4aeaa483406e6fa53a2ec4562f34b6ce', '3', '1', '2018-05-10 18:46:29', '2018-05-10 18:46:29', '2018-05-10 18:46:29');
INSERT INTO `irp_inter` VALUES ('53', '18', 'eb207035acedcb1754930f5df5f96f94', '1', '1', '2018-05-10 18:48:17', '2018-05-10 18:48:17', '2018-05-10 18:48:17');
INSERT INTO `irp_inter` VALUES ('54', '18', 'ec3b8836b3cbc5e57f897e71c93f141b', '2', '1', '2018-05-10 18:48:17', '2018-05-10 18:48:17', '2018-05-10 18:48:17');
INSERT INTO `irp_inter` VALUES ('55', '18', 'ec3b8836b3cbc5e57f897e71c93f141b', '3', '1', '2018-05-10 18:48:17', '2018-05-10 18:48:17', '2018-05-10 18:48:17');
INSERT INTO `irp_inter` VALUES ('56', '26', 'fbc51b1887e5d50e529e702f50dd768b', '1', '3', '2018-05-10 18:48:49', '2018-05-10 18:48:49', '2018-05-10 18:48:49');
INSERT INTO `irp_inter` VALUES ('57', '26', '6bfb90c34a63b661b5aed57c5a314735', '2', '3', '2018-05-10 18:48:49', '2018-05-10 18:48:49', '2018-05-10 18:48:49');
INSERT INTO `irp_inter` VALUES ('58', '26', 'c1252631fdb263946a21eaa409d37e20', '3', '3', '2018-05-10 18:48:49', '2018-05-10 18:48:49', '2018-05-10 18:48:49');

-- ----------------------------
-- Table structure for irp_inter_log
-- ----------------------------
DROP TABLE IF EXISTS `irp_inter_log`;
CREATE TABLE `irp_inter_log` (
  `uid` int(11) NOT NULL AUTO_INCREMENT,
  `user_id` int(11) DEFAULT NULL,
  `interface_id` int(11) DEFAULT NULL,
  `type` int(255) NOT NULL,
  `ip` varchar(255) DEFAULT NULL,
  `status` int(11) DEFAULT NULL,
  `time` datetime DEFAULT NULL,
  `broswer` varchar(255) DEFAULT NULL,
  `os` varchar(255) DEFAULT NULL,
  PRIMARY KEY (`uid`),
  KEY `inter` (`interface_id`),
  KEY `inter_user` (`user_id`),
  CONSTRAINT `inter` FOREIGN KEY (`interface_id`) REFERENCES `irp_inter` (`uid`) ON DELETE CASCADE ON UPDATE CASCADE,
  CONSTRAINT `inter_user` FOREIGN KEY (`user_id`) REFERENCES `irp_user` (`uid`) ON DELETE CASCADE ON UPDATE CASCADE
) ENGINE=InnoDB AUTO_INCREMENT=351 DEFAULT CHARSET=utf8;

-- ----------------------------
-- Records of irp_inter_log
-- ----------------------------
INSERT INTO `irp_inter_log` VALUES ('1', '24', '46', '1', '127.0.0.1', '1', '2018-03-15 14:44:59', 'Chrome(64.0.3282.186)', 'Windows 10');
INSERT INTO `irp_inter_log` VALUES ('2', '24', '46', '2', '127.0.0.1', '1', '2018-03-15 14:47:35', 'Edge(16.16299)', 'Windows 10');
INSERT INTO `irp_inter_log` VALUES ('3', '24', '46', '2', '127.0.0.1', '1', '2018-03-15 14:47:36', 'Edge(16.16299)', 'Windows 10');
INSERT INTO `irp_inter_log` VALUES ('4', '24', '46', '2', '127.0.0.1', '1', '2018-03-15 15:11:33', 'Edge(16.16299)', 'Windows 7');
INSERT INTO `irp_inter_log` VALUES ('5', '24', '46', '2', '127.0.0.1', '1', '2018-03-15 15:11:34', 'Edge(16.16299)', 'Windows 7');
INSERT INTO `irp_inter_log` VALUES ('6', '24', '46', '2', '127.0.0.1', '1', '2018-03-15 15:11:34', 'Edge(16.16299)', 'Windows 7');
INSERT INTO `irp_inter_log` VALUES ('7', '24', '46', '2', '127.0.0.1', '1', '2018-03-15 15:11:34', 'Edge(16.16299)', 'Windows 7');
INSERT INTO `irp_inter_log` VALUES ('8', '24', '46', '2', '127.0.0.1', '1', '2018-03-15 15:11:38', 'Edge(16.16299)', 'Windows 7');
INSERT INTO `irp_inter_log` VALUES ('9', '24', '46', '2', '127.0.0.1', '1', '2018-03-15 15:31:55', 'Edge(16.16299)', 'Windows 7');
INSERT INTO `irp_inter_log` VALUES ('10', '24', '46', '2', '127.0.0.1', '1', '2018-03-15 15:31:56', 'Edge(16.16299)', 'Windows 7');
INSERT INTO `irp_inter_log` VALUES ('11', '24', '46', '2', '127.0.0.1', '1', '2018-03-15 15:31:56', 'Edge(16.16299)', 'Windows 7');
INSERT INTO `irp_inter_log` VALUES ('12', '24', '46', '2', '127.0.0.1', '1', '2018-03-15 15:31:57', 'Edge(16.16299)', 'Windows 7');
INSERT INTO `irp_inter_log` VALUES ('13', '24', '46', '2', '127.0.0.1', '1', '2018-03-15 15:31:57', 'Edge(16.16299)', 'Windows 7');
INSERT INTO `irp_inter_log` VALUES ('14', '24', '46', '2', '127.0.0.1', '1', '2018-03-15 15:31:58', 'Edge(16.16299)', 'Windows 7');
INSERT INTO `irp_inter_log` VALUES ('15', '24', '46', '2', '127.0.0.1', '1', '2018-03-15 15:35:00', 'Edge(16.16299)', 'Windows 7');
INSERT INTO `irp_inter_log` VALUES ('16', '24', '46', '2', '127.0.0.1', '1', '2018-03-15 15:35:49', 'Edge(16.16299)', 'Windows 7');
INSERT INTO `irp_inter_log` VALUES ('17', '24', '46', '2', '127.0.0.1', '1', '2018-03-15 15:35:50', 'Edge(16.16299)', 'Windows 7');
INSERT INTO `irp_inter_log` VALUES ('18', '24', '46', '2', '127.0.0.1', '1', '2018-03-15 15:35:50', 'Edge(16.16299)', 'Windows 7');
INSERT INTO `irp_inter_log` VALUES ('19', '24', '46', '2', '127.0.0.1', '1', '2018-03-15 15:35:51', 'Edge(16.16299)', 'Windows 7');
INSERT INTO `irp_inter_log` VALUES ('20', '24', '46', '2', '127.0.0.1', '1', '2018-03-15 15:35:52', 'Edge(16.16299)', 'Windows 7');
INSERT INTO `irp_inter_log` VALUES ('21', '24', '46', '2', '127.0.0.1', '0', '2018-03-15 15:35:52', 'Edge(16.16299)', 'Windows 7');
INSERT INTO `irp_inter_log` VALUES ('22', '24', '46', '2', '127.0.0.1', '0', '2018-03-15 15:35:53', 'Edge(16.16299)', 'Windows 7');
INSERT INTO `irp_inter_log` VALUES ('23', '24', '46', '2', '127.0.0.1', '0', '2018-03-15 15:35:53', 'Edge(16.16299)', 'Windows 7');
INSERT INTO `irp_inter_log` VALUES ('24', '24', '46', '2', '127.0.0.1', '1', '2018-03-15 15:43:49', 'Edge(16.16299)', 'Windows 7');
INSERT INTO `irp_inter_log` VALUES ('25', '24', '46', '2', '127.0.0.1', '1', '2018-03-15 16:07:26', 'Edge(16.16299)', 'Windows 7');
INSERT INTO `irp_inter_log` VALUES ('26', '24', '46', '2', '127.0.0.1', '1', '2018-03-15 16:09:34', 'Chrome(64.0.3282.186)', 'Windows 7');
INSERT INTO `irp_inter_log` VALUES ('27', '24', '47', '3', '127.0.0.1', '1', '2018-03-15 16:10:57', 'Chrome(64.0.3282.186)', 'Windows 7');
INSERT INTO `irp_inter_log` VALUES ('28', '24', '46', '2', '127.0.0.1', '1', '2018-03-15 16:10:58', 'Chrome(64.0.3282.186)', 'Windows 7');
INSERT INTO `irp_inter_log` VALUES ('29', '24', '47', '3', '127.0.0.1', '1', '2018-03-15 16:10:59', 'Chrome(64.0.3282.186)', 'Windows 7');
INSERT INTO `irp_inter_log` VALUES ('30', '24', '46', '2', '127.0.0.1', '1', '2018-03-15 16:11:00', 'Chrome(64.0.3282.186)', 'Windows 7');
INSERT INTO `irp_inter_log` VALUES ('31', '24', '47', '3', '127.0.0.1', '1', '2018-03-15 16:11:15', 'Chrome(64.0.3282.186)', 'Windows 7');
INSERT INTO `irp_inter_log` VALUES ('32', '24', '47', '3', '127.0.0.1', '1', '2018-03-15 16:11:54', 'Chrome(64.0.3282.186)', 'Windows 7');
INSERT INTO `irp_inter_log` VALUES ('33', '24', '47', '3', '127.0.0.1', '1', '2018-03-15 16:11:56', 'Chrome(64.0.3282.186)', 'Windows 7');
INSERT INTO `irp_inter_log` VALUES ('34', '24', '47', '3', '127.0.0.1', '1', '2018-03-15 16:12:00', 'Chrome(64.0.3282.186)', 'Windows 10');
INSERT INTO `irp_inter_log` VALUES ('35', '24', '46', '2', '127.0.0.1', '1', '2018-03-15 16:12:01', 'Chrome(64.0.3282.186)', 'Windows 10');
INSERT INTO `irp_inter_log` VALUES ('36', '24', '45', '1', '127.0.0.1', '1', '2018-03-15 16:15:00', 'Chrome(64.0.3282.186)', 'Windows 10');
INSERT INTO `irp_inter_log` VALUES ('37', '24', '45', '1', '127.0.0.1', '1', '2018-03-15 16:21:09', 'Chrome(64.0.3282.186)', 'Windows 10');
INSERT INTO `irp_inter_log` VALUES ('38', '24', '45', '1', '127.0.0.1', '1', '2018-03-15 16:21:16', 'Chrome(64.0.3282.186)', 'Windows 10');
INSERT INTO `irp_inter_log` VALUES ('39', '24', '45', '1', '127.0.0.1', '1', '2018-03-15 16:21:22', 'Chrome(64.0.3282.186)', 'Windows 10');
INSERT INTO `irp_inter_log` VALUES ('40', '24', '47', '3', '127.0.0.1', '1', '2018-03-15 16:23:06', 'Chrome(64.0.3282.186)', 'Windows 10');
INSERT INTO `irp_inter_log` VALUES ('41', '24', '46', '2', '127.0.0.1', '1', '2018-03-15 16:23:06', 'Chrome(64.0.3282.186)', 'Windows 10');
INSERT INTO `irp_inter_log` VALUES ('42', '24', '47', '3', '127.0.0.1', '1', '2018-03-15 16:32:41', 'Chrome(64.0.3282.186)', 'Windows 10');
INSERT INTO `irp_inter_log` VALUES ('43', '24', '46', '2', '127.0.0.1', '1', '2018-03-15 16:32:41', 'Chrome(64.0.3282.186)', 'Windows 10');
INSERT INTO `irp_inter_log` VALUES ('44', '24', '45', '1', '127.0.0.1', '1', '2018-03-15 16:35:46', 'Chrome(64.0.3282.186)', 'Windows 10');
INSERT INTO `irp_inter_log` VALUES ('45', '24', '45', '1', '127.0.0.1', '1', '2018-03-15 16:41:06', 'Chrome(64.0.3282.186)', 'Windows 10');
INSERT INTO `irp_inter_log` VALUES ('46', '24', '45', '1', '127.0.0.1', '1', '2018-03-15 16:41:53', 'Chrome(64.0.3282.186)', 'Windows 10');
INSERT INTO `irp_inter_log` VALUES ('47', '24', '45', '1', '127.0.0.1', '1', '2018-03-15 16:42:37', 'Chrome(64.0.3282.186)', 'Windows 10');
INSERT INTO `irp_inter_log` VALUES ('48', '24', '46', '2', '127.0.0.1', '1', '2018-03-15 18:50:56', 'Chrome(64.0.3282.186)', 'Windows 10');
INSERT INTO `irp_inter_log` VALUES ('49', '24', '47', '3', '127.0.0.1', '1', '2018-03-15 18:50:56', 'Chrome(64.0.3282.186)', 'Windows 10');
INSERT INTO `irp_inter_log` VALUES ('50', '24', '45', '1', '127.0.0.1', '1', '2018-03-15 18:51:00', 'Chrome(64.0.3282.186)', 'Windows 10');
INSERT INTO `irp_inter_log` VALUES ('51', '24', '45', '1', '127.0.0.1', '1', '2018-03-15 18:56:24', 'Chrome(64.0.3282.186)', 'Windows 10');
INSERT INTO `irp_inter_log` VALUES ('52', '24', '45', '1', '127.0.0.1', '1', '2018-03-15 18:56:25', 'Chrome(64.0.3282.186)', 'Windows 10');
INSERT INTO `irp_inter_log` VALUES ('53', '24', '47', '3', '127.0.0.1', '1', '2018-03-15 19:51:28', 'Chrome(64.0.3282.186)', 'Windows 10');
INSERT INTO `irp_inter_log` VALUES ('54', '24', '46', '2', '127.0.0.1', '1', '2018-03-15 19:51:28', 'Chrome(64.0.3282.186)', 'Windows 10');
INSERT INTO `irp_inter_log` VALUES ('55', '24', '45', '1', '127.0.0.1', '1', '2018-03-15 20:47:38', 'Chrome(64.0.3282.186)', 'Windows 10');
INSERT INTO `irp_inter_log` VALUES ('56', '24', '45', '1', '127.0.0.1', '1', '2018-03-15 20:47:53', 'Chrome(64.0.3282.186)', 'Windows 10');
INSERT INTO `irp_inter_log` VALUES ('57', '24', '47', '3', '127.0.0.1', '1', '2018-03-15 20:48:48', 'Chrome(64.0.3282.186)', 'Windows 10');
INSERT INTO `irp_inter_log` VALUES ('58', '24', '46', '2', '127.0.0.1', '1', '2018-03-15 20:48:49', 'Edge(16.16299)', 'Windows 10');
INSERT INTO `irp_inter_log` VALUES ('59', '24', '47', '3', '127.0.0.1', '1', '2018-03-15 20:49:47', 'Edge(16.16299)', 'Windows 10');
INSERT INTO `irp_inter_log` VALUES ('60', '24', '46', '2', '127.0.0.1', '1', '2018-03-15 20:49:47', 'Edge(16.16299)', 'Windows 10');
INSERT INTO `irp_inter_log` VALUES ('61', '24', '47', '3', '127.0.0.1', '1', '2018-03-15 20:58:25', 'Edge(16.16299)', 'Windows 10');
INSERT INTO `irp_inter_log` VALUES ('62', '24', '46', '2', '127.0.0.1', '1', '2018-03-15 20:58:26', 'Edge(16.16299)', 'Windows 10');
INSERT INTO `irp_inter_log` VALUES ('63', '24', '45', '1', '127.0.0.1', '1', '2018-03-16 19:32:19', 'Edge(16.16299)', 'Windows 10');
INSERT INTO `irp_inter_log` VALUES ('64', '24', '47', '3', '127.0.0.1', '1', '2018-03-16 20:14:50', 'Edge(16.16299)', 'Windows 10');
INSERT INTO `irp_inter_log` VALUES ('65', '24', '46', '2', '127.0.0.1', '1', '2018-03-16 20:14:50', 'Edge(16.16299)', 'Windows 10');
INSERT INTO `irp_inter_log` VALUES ('66', '24', '47', '3', '127.0.0.1', '1', '2018-03-17 12:55:07', 'Edge(16.16299)', 'Windows 10');
INSERT INTO `irp_inter_log` VALUES ('67', '24', '46', '2', '127.0.0.1', '1', '2018-03-17 12:55:07', 'Edge(16.16299)', 'Windows 10');
INSERT INTO `irp_inter_log` VALUES ('68', '24', '47', '3', '127.0.0.1', '1', '2018-03-17 13:04:56', 'Edge(16.16299)', 'Windows 10');
INSERT INTO `irp_inter_log` VALUES ('69', '24', '46', '2', '127.0.0.1', '1', '2018-03-17 13:04:56', 'Edge(16.16299)', 'Windows 10');
INSERT INTO `irp_inter_log` VALUES ('70', '24', '47', '3', '127.0.0.1', '1', '2018-03-17 13:06:34', 'Edge(16.16299)', 'Windows 10');
INSERT INTO `irp_inter_log` VALUES ('71', '24', '46', '2', '127.0.0.1', '1', '2018-03-17 13:06:34', 'Edge(16.16299)', 'Windows 10');
INSERT INTO `irp_inter_log` VALUES ('72', '24', '45', '1', '127.0.0.1', '1', '2018-03-17 13:06:39', 'Edge(16.16299)', 'Windows 10');
INSERT INTO `irp_inter_log` VALUES ('73', '24', '45', '1', '127.0.0.1', '1', '2018-03-17 13:06:59', 'Edge(16.16299)', 'Windows 10');
INSERT INTO `irp_inter_log` VALUES ('74', '24', '45', '1', '127.0.0.1', '1', '2018-03-17 16:37:22', 'Edge(16.16299)', 'Windows 10');
INSERT INTO `irp_inter_log` VALUES ('75', '24', '45', '1', '127.0.0.1', '1', '2018-03-17 16:37:29', 'Edge(16.16299)', 'Windows 10');
INSERT INTO `irp_inter_log` VALUES ('76', '24', '47', '3', '127.0.0.1', '1', '2018-03-17 16:37:32', 'Edge(16.16299)', 'Windows 7');
INSERT INTO `irp_inter_log` VALUES ('77', '24', '46', '2', '127.0.0.1', '1', '2018-03-17 16:37:32', 'Edge(16.16299)', 'Windows 7');
INSERT INTO `irp_inter_log` VALUES ('78', '24', '45', '1', '127.0.0.1', '1', '2018-03-17 16:37:36', 'Edge(16.16299)', 'Windows 7');
INSERT INTO `irp_inter_log` VALUES ('79', '24', '45', '1', '127.0.0.1', '1', '2018-03-17 16:37:37', 'Edge(16.16299)', 'Windows 7');
INSERT INTO `irp_inter_log` VALUES ('80', '24', '47', '3', '127.0.0.1', '1', '2018-03-17 16:37:40', 'Edge(16.16299)', 'Windows 7');
INSERT INTO `irp_inter_log` VALUES ('81', '24', '46', '2', '127.0.0.1', '1', '2018-03-17 16:37:40', 'Edge(16.16299)', 'Windows 7');
INSERT INTO `irp_inter_log` VALUES ('82', '24', '47', '3', '127.0.0.1', '1', '2018-03-17 16:45:07', 'Edge(16.16299)', 'Windows 7');
INSERT INTO `irp_inter_log` VALUES ('83', '24', '46', '2', '127.0.0.1', '1', '2018-03-17 16:45:07', 'Edge(16.16299)', 'Windows 7');
INSERT INTO `irp_inter_log` VALUES ('84', '24', '47', '3', '127.0.0.1', '1', '2018-03-17 16:48:40', 'Edge(16.16299)', 'Windows 7');
INSERT INTO `irp_inter_log` VALUES ('85', '24', '46', '2', '127.0.0.1', '1', '2018-03-17 16:48:40', 'Edge(16.16299)', 'Windows 10');
INSERT INTO `irp_inter_log` VALUES ('86', '24', '46', '2', '127.0.0.1', '1', '2018-03-17 16:48:46', 'Edge(16.16299)', 'Windows 10');
INSERT INTO `irp_inter_log` VALUES ('87', '24', '47', '3', '127.0.0.1', '1', '2018-03-17 16:49:29', 'Edge(16.16299)', 'Windows 10');
INSERT INTO `irp_inter_log` VALUES ('88', '24', '47', '3', '127.0.0.1', '1', '2018-03-17 16:49:31', 'Edge(16.16299)', 'Windows 7');
INSERT INTO `irp_inter_log` VALUES ('89', '24', '47', '3', '127.0.0.1', '1', '2018-03-17 16:49:32', 'Edge(16.16299)', 'Windows 7');
INSERT INTO `irp_inter_log` VALUES ('90', '24', '47', '3', '127.0.0.1', '1', '2018-03-17 16:49:33', 'Edge(16.16299)', 'Windows 7');
INSERT INTO `irp_inter_log` VALUES ('91', '24', '46', '2', '127.0.0.1', '1', '2018-03-17 16:49:35', 'Edge(16.16299)', 'Windows 7');
INSERT INTO `irp_inter_log` VALUES ('92', '24', '46', '2', '127.0.0.1', '1', '2018-03-17 16:49:37', 'Edge(16.16299)', 'Windows 7');
INSERT INTO `irp_inter_log` VALUES ('93', '24', '47', '3', '127.0.0.1', '1', '2018-03-17 16:49:38', 'Edge(16.16299)', 'Windows 7');
INSERT INTO `irp_inter_log` VALUES ('94', '24', '47', '3', '127.0.0.1', '1', '2018-03-17 16:50:30', 'Edge(16.16299)', 'Windows 7');
INSERT INTO `irp_inter_log` VALUES ('95', '24', '46', '2', '127.0.0.1', '1', '2018-03-17 16:50:36', 'Edge(16.16299)', 'Windows 7');
INSERT INTO `irp_inter_log` VALUES ('96', '24', '46', '2', '127.0.0.1', '1', '2018-03-17 16:50:53', 'Edge(16.16299)', 'Windows 7');
INSERT INTO `irp_inter_log` VALUES ('97', '24', '47', '3', '127.0.0.1', '1', '2018-03-17 16:50:55', 'Edge(16.16299)', 'Windows 10');
INSERT INTO `irp_inter_log` VALUES ('98', '24', '47', '3', '127.0.0.1', '1', '2018-03-17 16:51:13', 'Edge(16.16299)', 'Windows 10');
INSERT INTO `irp_inter_log` VALUES ('99', '24', '45', '1', '127.0.0.1', '1', '2018-03-17 16:51:16', 'Edge(16.16299)', 'Windows 7');
INSERT INTO `irp_inter_log` VALUES ('100', '24', '45', '1', '127.0.0.1', '1', '2018-03-17 16:51:56', 'Edge(16.16299)', 'Windows 7');
INSERT INTO `irp_inter_log` VALUES ('101', '24', '45', '1', '127.0.0.1', '1', '2018-03-17 16:53:01', 'Edge(16.16299)', 'Windows 7');
INSERT INTO `irp_inter_log` VALUES ('102', '24', '46', '2', '127.0.0.1', '1', '2018-03-17 16:53:04', 'Edge(16.16299)', 'Windows 7');
INSERT INTO `irp_inter_log` VALUES ('103', '24', '46', '2', '127.0.0.1', '1', '2018-03-17 16:53:11', 'Chrome(64.0.3282.186)', 'Windows 7');
INSERT INTO `irp_inter_log` VALUES ('104', '24', '46', '2', '127.0.0.1', '1', '2018-03-17 16:53:27', 'Chrome(64.0.3282.186)', 'Windows 7');
INSERT INTO `irp_inter_log` VALUES ('105', '24', '46', '2', '127.0.0.1', '1', '2018-03-17 16:53:33', 'Chrome(64.0.3282.186)', 'Windows 7');
INSERT INTO `irp_inter_log` VALUES ('106', '24', '47', '3', '127.0.0.1', '1', '2018-03-17 16:53:34', 'Chrome(64.0.3282.186)', 'Windows 7');
INSERT INTO `irp_inter_log` VALUES ('107', '24', '46', '2', '127.0.0.1', '1', '2018-03-17 16:53:36', 'Chrome(64.0.3282.186)', 'Windows 7');
INSERT INTO `irp_inter_log` VALUES ('108', '24', '47', '3', '127.0.0.1', '1', '2018-03-17 16:53:37', 'Chrome(64.0.3282.186)', 'Windows 7');
INSERT INTO `irp_inter_log` VALUES ('109', '24', '47', '3', '127.0.0.1', '1', '2018-03-17 16:53:52', 'Chrome(64.0.3282.186)', 'Windows 7');
INSERT INTO `irp_inter_log` VALUES ('110', '24', '46', '2', '127.0.0.1', '1', '2018-03-17 16:54:03', 'Chrome(64.0.3282.186)', 'Windows 7');
INSERT INTO `irp_inter_log` VALUES ('111', '24', '47', '3', '127.0.0.1', '1', '2018-03-17 16:54:05', 'Chrome(64.0.3282.186)', 'Windows 7');
INSERT INTO `irp_inter_log` VALUES ('112', '24', '45', '1', '127.0.0.1', '1', '2018-03-17 16:54:06', 'Chrome(64.0.3282.186)', 'Windows 7');
INSERT INTO `irp_inter_log` VALUES ('113', '24', '45', '1', '127.0.0.1', '1', '2018-03-17 16:54:09', 'Chrome(64.0.3282.186)', 'Windows 7');
INSERT INTO `irp_inter_log` VALUES ('114', '24', '45', '1', '127.0.0.1', '1', '2018-03-17 16:54:11', 'Chrome(64.0.3282.186)', 'Windows 7');
INSERT INTO `irp_inter_log` VALUES ('115', '24', '45', '1', '127.0.0.1', '1', '2018-03-17 16:54:13', 'Chrome(64.0.3282.186)', 'Windows 7');
INSERT INTO `irp_inter_log` VALUES ('116', '24', '45', '1', '127.0.0.1', '1', '2018-03-17 16:54:16', 'Chrome(64.0.3282.186)', 'Windows 7');
INSERT INTO `irp_inter_log` VALUES ('117', '24', '45', '1', '127.0.0.1', '1', '2018-03-17 16:54:18', 'Chrome(64.0.3282.186)', 'Windows 10');
INSERT INTO `irp_inter_log` VALUES ('118', '24', '45', '1', '127.0.0.1', '0', '2018-03-17 16:54:26', 'Chrome(64.0.3282.186)', 'Windows 10');
INSERT INTO `irp_inter_log` VALUES ('119', '24', '45', '1', '127.0.0.1', '1', '2018-03-18 12:18:54', 'Chrome(64.0.3282.186)', 'Windows 10');
INSERT INTO `irp_inter_log` VALUES ('120', '24', '45', '1', '127.0.0.1', '1', '2018-03-18 12:19:05', 'Chrome(64.0.3282.186)', 'Windows 10');
INSERT INTO `irp_inter_log` VALUES ('121', '24', '45', '1', '127.0.0.1', '1', '2018-03-18 12:19:12', 'Chrome(64.0.3282.186)', 'Windows 10');
INSERT INTO `irp_inter_log` VALUES ('122', '24', '45', '1', '127.0.0.1', '1', '2018-03-18 12:19:14', 'Chrome(64.0.3282.186)', 'Windows 10');
INSERT INTO `irp_inter_log` VALUES ('123', '24', '45', '1', '127.0.0.1', '1', '2018-03-18 12:20:01', 'Chrome(64.0.3282.186)', 'Windows 10');
INSERT INTO `irp_inter_log` VALUES ('124', '24', '45', '1', '127.0.0.1', '1', '2018-03-18 12:20:09', 'Chrome(64.0.3282.186)', 'Windows 10');
INSERT INTO `irp_inter_log` VALUES ('125', '24', '47', '3', '127.0.0.1', '1', '2018-03-18 13:21:34', 'Chrome(64.0.3282.186)', 'Windows 10');
INSERT INTO `irp_inter_log` VALUES ('126', '24', '46', '2', '127.0.0.1', '1', '2018-03-18 20:06:47', 'Chrome(64.0.3282.186)', 'Windows 10');
INSERT INTO `irp_inter_log` VALUES ('127', '24', '46', '2', '127.0.0.1', '1', '2018-03-19 13:13:38', 'Chrome(64.0.3282.186)', 'Windows 10');
INSERT INTO `irp_inter_log` VALUES ('128', '24', '46', '2', '127.0.0.1', '1', '2018-03-19 13:25:49', 'Chrome(64.0.3282.186)', 'Windows 10');
INSERT INTO `irp_inter_log` VALUES ('129', '24', '45', '1', '127.0.0.1', '1', '2018-03-19 13:25:57', 'Chrome(64.0.3282.186)', 'Windows 10');
INSERT INTO `irp_inter_log` VALUES ('130', '24', '45', '1', '127.0.0.1', '1', '2018-03-19 13:26:07', 'Chrome(64.0.3282.186)', 'Windows 10');
INSERT INTO `irp_inter_log` VALUES ('131', '24', '45', '1', '127.0.0.1', '1', '2018-03-19 13:26:15', 'Chrome(64.0.3282.186)', 'Windows 10');
INSERT INTO `irp_inter_log` VALUES ('132', '24', '45', '1', '127.0.0.1', '1', '2018-03-19 13:26:39', 'Chrome(64.0.3282.186)', 'Windows 10');
INSERT INTO `irp_inter_log` VALUES ('133', '24', '45', '1', '127.0.0.1', '1', '2018-03-19 13:26:46', 'Chrome(64.0.3282.186)', 'Windows 10');
INSERT INTO `irp_inter_log` VALUES ('134', '24', '45', '1', '127.0.0.1', '1', '2018-03-19 13:26:52', 'Edge(16.16299)', 'Windows 10');
INSERT INTO `irp_inter_log` VALUES ('135', '24', '47', '3', '127.0.0.1', '1', '2018-03-19 13:27:01', 'Edge(16.16299)', 'Windows 10');
INSERT INTO `irp_inter_log` VALUES ('136', '24', '46', '2', '127.0.0.1', '1', '2018-03-19 14:04:49', 'Edge(16.16299)', 'Windows 10');
INSERT INTO `irp_inter_log` VALUES ('137', '24', '46', '2', '127.0.0.1', '1', '2018-03-19 14:05:20', 'Edge(16.16299)', 'Windows 10');
INSERT INTO `irp_inter_log` VALUES ('138', '24', '46', '2', '127.0.0.1', '1', '2018-03-19 14:05:21', 'Edge(16.16299)', 'Windows 10');
INSERT INTO `irp_inter_log` VALUES ('139', '24', '46', '2', '127.0.0.1', '1', '2018-03-19 14:05:22', 'Edge(16.16299)', 'Windows 10');
INSERT INTO `irp_inter_log` VALUES ('140', '24', '46', '2', '127.0.0.1', '1', '2018-03-19 14:05:24', 'Edge(16.16299)', 'Windows 10');
INSERT INTO `irp_inter_log` VALUES ('141', '24', '46', '2', '127.0.0.1', '1', '2018-03-19 14:05:25', 'Edge(16.16299)', 'Windows 10');
INSERT INTO `irp_inter_log` VALUES ('142', '24', '46', '2', '127.0.0.1', '0', '2018-03-19 14:05:26', 'Edge(16.16299)', 'Windows 10');
INSERT INTO `irp_inter_log` VALUES ('143', '24', '46', '2', '127.0.0.1', '0', '2018-03-19 14:05:27', 'Edge(16.16299)', 'Windows 10');
INSERT INTO `irp_inter_log` VALUES ('144', '24', '46', '2', '127.0.0.1', '1', '2018-03-19 14:08:01', 'Edge(16.16299)', 'Windows 10');
INSERT INTO `irp_inter_log` VALUES ('145', '24', '46', '2', '127.0.0.1', '1', '2018-03-19 14:08:03', 'Edge(16.16299)', 'Windows 10');
INSERT INTO `irp_inter_log` VALUES ('146', '24', '46', '2', '127.0.0.1', '1', '2018-03-19 14:32:38', 'Edge(16.16299)', 'Windows 10');
INSERT INTO `irp_inter_log` VALUES ('147', '24', '45', '1', '127.0.0.1', '1', '2018-03-19 14:32:53', 'Edge(16.16299)', 'Windows 10');
INSERT INTO `irp_inter_log` VALUES ('148', '24', '45', '1', '127.0.0.1', '1', '2018-03-19 14:33:08', 'Edge(16.16299)', 'Windows 10');
INSERT INTO `irp_inter_log` VALUES ('149', '24', '45', '1', '127.0.0.1', '1', '2018-03-19 14:33:20', 'Edge(16.16299)', 'Windows 10');
INSERT INTO `irp_inter_log` VALUES ('150', '24', '45', '1', '127.0.0.1', '1', '2018-03-19 14:33:49', 'Edge(16.16299)', 'Windows 10');
INSERT INTO `irp_inter_log` VALUES ('151', '24', '45', '1', '127.0.0.1', '1', '2018-03-19 14:33:58', 'Chrome(64.0.3282.186)', 'Windows 10');
INSERT INTO `irp_inter_log` VALUES ('152', '24', '45', '1', '127.0.0.1', '1', '2018-03-19 14:34:09', 'Chrome(64.0.3282.186)', 'Windows 10');
INSERT INTO `irp_inter_log` VALUES ('153', '24', '47', '3', '127.0.0.1', '1', '2018-03-19 14:34:24', 'Chrome(64.0.3282.186)', 'Windows 10');
INSERT INTO `irp_inter_log` VALUES ('154', '24', '47', '3', '127.0.0.1', '1', '2018-03-19 14:43:07', '未知浏览器()', 'Windows 7');
INSERT INTO `irp_inter_log` VALUES ('155', '24', '45', '1', '127.0.0.1', '1', '2018-03-19 14:43:18', '未知浏览器()', 'Windows 7');
INSERT INTO `irp_inter_log` VALUES ('156', '24', '45', '1', '127.0.0.1', '1', '2018-03-19 14:43:25', '未知浏览器()', 'Windows 7');
INSERT INTO `irp_inter_log` VALUES ('157', '24', '46', '2', '127.0.0.1', '1', '2018-03-19 15:02:33', 'Chrome(64.0.3282.186)', 'Windows 10');
INSERT INTO `irp_inter_log` VALUES ('158', '24', '45', '1', '127.0.0.1', '1', '2018-03-19 15:02:50', 'Chrome(64.0.3282.186)', 'Windows 10');
INSERT INTO `irp_inter_log` VALUES ('159', '24', '45', '1', '127.0.0.1', '1', '2018-03-19 15:03:01', 'Edge(16.16299)', 'Windows 10');
INSERT INTO `irp_inter_log` VALUES ('160', '24', '45', '1', '127.0.0.1', '1', '2018-03-19 15:03:10', 'Edge(16.16299)', 'Windows 10');
INSERT INTO `irp_inter_log` VALUES ('161', '24', '45', '1', '127.0.0.1', '1', '2018-03-19 15:03:38', 'Edge(16.16299)', 'Windows 7');
INSERT INTO `irp_inter_log` VALUES ('162', '24', '45', '1', '127.0.0.1', '1', '2018-03-19 15:03:52', 'Edge(16.16299)', 'Windows 10');
INSERT INTO `irp_inter_log` VALUES ('163', '24', '45', '1', '127.0.0.1', '1', '2018-03-19 15:03:55', 'Edge(16.16299)', 'Windows 10');
INSERT INTO `irp_inter_log` VALUES ('164', '24', '45', '1', '127.0.0.1', '1', '2018-03-19 15:04:04', 'Chrome(64.0.3282.186)', 'Windows 10');
INSERT INTO `irp_inter_log` VALUES ('165', '24', '45', '1', '127.0.0.1', '1', '2018-03-19 15:04:10', 'Chrome(64.0.3282.186)', 'Windows 10');
INSERT INTO `irp_inter_log` VALUES ('166', '24', '47', '3', '127.0.0.1', '1', '2018-03-19 15:04:26', 'Chrome(64.0.3282.186)', 'Windows 10');
INSERT INTO `irp_inter_log` VALUES ('167', '24', '45', '1', '127.0.0.1', '1', '2018-03-19 15:07:51', '未知浏览器()', '未知操作系统');
INSERT INTO `irp_inter_log` VALUES ('168', '24', '47', '3', '127.0.0.1', '1', '2018-03-19 15:08:03', '未知浏览器()', '未知操作系统');
INSERT INTO `irp_inter_log` VALUES ('169', '24', '45', '1', '127.0.0.1', '1', '2018-03-20 12:39:34', 'Chrome(64.0.3282.186)', 'Windows 7');
INSERT INTO `irp_inter_log` VALUES ('170', '24', '45', '1', '127.0.0.1', '1', '2018-03-20 12:39:36', 'Chrome(64.0.3282.186)', 'Windows 7');
INSERT INTO `irp_inter_log` VALUES ('171', '24', '46', '2', '127.0.0.1', '1', '2018-03-20 12:43:43', 'Chrome(64.0.3282.186)', 'Windows 7');
INSERT INTO `irp_inter_log` VALUES ('172', '24', '47', '3', '127.0.0.1', '1', '2018-03-20 12:43:50', 'Chrome(64.0.3282.186)', 'Windows 7');
INSERT INTO `irp_inter_log` VALUES ('173', '24', '45', '1', '127.0.0.1', '1', '2018-03-20 12:44:03', 'Chrome(64.0.3282.186)', 'Windows 7');
INSERT INTO `irp_inter_log` VALUES ('174', '24', '45', '1', '127.0.0.1', '1', '2018-03-21 12:28:52', 'Chrome(64.0.3282.186)', 'Windows 7');
INSERT INTO `irp_inter_log` VALUES ('175', '24', '45', '1', '127.0.0.1', '1', '2018-03-21 12:28:56', 'Chrome(64.0.3282.186)', 'Windows 7');
INSERT INTO `irp_inter_log` VALUES ('176', '24', '45', '1', '127.0.0.1', '1', '2018-03-21 12:28:57', 'Chrome(64.0.3282.186)', 'Windows 7');
INSERT INTO `irp_inter_log` VALUES ('177', '24', '47', '3', '127.0.0.1', '1', '2018-03-21 12:29:01', 'Chrome(64.0.3282.186)', 'Windows 7');
INSERT INTO `irp_inter_log` VALUES ('178', '24', '45', '1', '127.0.0.1', '1', '2018-03-21 12:29:08', 'Chrome(64.0.3282.186)', 'Windows 7');
INSERT INTO `irp_inter_log` VALUES ('179', '24', '45', '1', '127.0.0.1', '1', '2018-03-21 12:29:21', 'Chrome(64.0.3282.186)', 'Windows 7');
INSERT INTO `irp_inter_log` VALUES ('180', '24', '45', '1', '127.0.0.1', '1', '2018-03-21 12:29:27', 'Chrome(64.0.3282.186)', 'Windows 7');
INSERT INTO `irp_inter_log` VALUES ('181', '24', '46', '2', '127.0.0.1', '1', '2018-03-21 12:46:29', 'Edge(16.16299)', 'Windows 7');
INSERT INTO `irp_inter_log` VALUES ('182', '24', '45', '1', '127.0.0.1', '1', '2018-03-21 12:46:33', 'Edge(16.16299)', 'Windows 7');
INSERT INTO `irp_inter_log` VALUES ('183', '24', '45', '1', '127.0.0.1', '1', '2018-03-21 12:46:43', 'Edge(16.16299)', 'Windows 10');
INSERT INTO `irp_inter_log` VALUES ('184', '24', '45', '1', '127.0.0.1', '1', '2018-03-21 12:46:48', 'Edge(16.16299)', 'Windows 10');
INSERT INTO `irp_inter_log` VALUES ('185', '24', '45', '1', '127.0.0.1', '1', '2018-03-21 12:47:00', 'Edge(16.16299)', 'Windows 10');
INSERT INTO `irp_inter_log` VALUES ('186', '24', '45', '1', '127.0.0.1', '1', '2018-03-21 12:47:01', 'Edge(16.16299)', 'Windows 10');
INSERT INTO `irp_inter_log` VALUES ('187', '24', '45', '1', '127.0.0.1', '1', '2018-03-21 12:47:05', 'Edge(16.16299)', 'Windows 10');
INSERT INTO `irp_inter_log` VALUES ('188', '24', '45', '1', '127.0.0.1', '0', '2018-03-21 12:47:07', 'Edge(16.16299)', 'Windows 10');
INSERT INTO `irp_inter_log` VALUES ('189', '24', '45', '1', '127.0.0.1', '1', '2018-03-21 12:47:35', 'Edge(16.16299)', 'Windows 10');
INSERT INTO `irp_inter_log` VALUES ('190', '24', '45', '1', '127.0.0.1', '0', '2018-03-21 12:47:36', 'Edge(16.16299)', 'Windows 10');
INSERT INTO `irp_inter_log` VALUES ('191', '24', '45', '1', '127.0.0.1', '0', '2018-03-21 12:47:37', 'Edge(16.16299)', 'Windows 10');
INSERT INTO `irp_inter_log` VALUES ('192', '24', '45', '1', '127.0.0.1', '0', '2018-03-21 12:47:38', 'Edge(16.16299)', 'Windows 10');
INSERT INTO `irp_inter_log` VALUES ('193', '24', '47', '3', '127.0.0.1', '1', '2018-03-21 12:47:41', 'Edge(16.16299)', 'Windows 8');
INSERT INTO `irp_inter_log` VALUES ('194', '24', '45', '1', '127.0.0.1', '0', '2018-03-21 12:47:42', 'Edge(16.16299)', 'Windows 8');
INSERT INTO `irp_inter_log` VALUES ('195', '24', '46', '2', '127.0.0.1', '1', '2018-03-21 12:48:31', 'IE(11.0)', 'Windows 8');
INSERT INTO `irp_inter_log` VALUES ('196', '24', '47', '3', '127.0.0.1', '1', '2018-03-21 12:48:33', 'IE(11.0)', 'Windows 8');
INSERT INTO `irp_inter_log` VALUES ('197', '24', '45', '1', '127.0.0.1', '1', '2018-03-21 12:48:36', 'IE(11.0)', 'Windows 8');
INSERT INTO `irp_inter_log` VALUES ('198', '24', '45', '1', '127.0.0.1', '1', '2018-03-21 12:48:41', 'IE(11.0)', 'Windows 8');
INSERT INTO `irp_inter_log` VALUES ('199', '24', '45', '1', '127.0.0.1', '1', '2018-03-21 12:48:43', 'IE(11.0)', 'Windows 8');
INSERT INTO `irp_inter_log` VALUES ('200', '24', '45', '1', '127.0.0.1', '1', '2018-03-21 12:48:45', 'IE(11.0)', 'Windows 8');
INSERT INTO `irp_inter_log` VALUES ('201', '24', '45', '1', '127.0.0.1', '1', '2018-03-21 12:48:49', 'IE(11.0)', 'Windows 8');
INSERT INTO `irp_inter_log` VALUES ('202', '24', '45', '1', '127.0.0.1', '1', '2018-03-21 12:48:53', 'IE(11.0)', 'Windows 8');
INSERT INTO `irp_inter_log` VALUES ('203', '24', '46', '2', '127.0.0.1', '1', '2018-03-25 14:15:14', 'Chrome(64.0.3282.186)', 'Windows 8');
INSERT INTO `irp_inter_log` VALUES ('204', '24', '46', '2', '127.0.0.1', '1', '2018-03-25 14:21:06', 'Chrome(64.0.3282.186)', 'Windows 8');
INSERT INTO `irp_inter_log` VALUES ('205', '24', '45', '1', '127.0.0.1', '1', '2018-03-25 14:21:59', 'Chrome(64.0.3282.186)', 'Windows 8');
INSERT INTO `irp_inter_log` VALUES ('206', '24', '45', '1', '127.0.0.1', '1', '2018-03-25 14:23:24', 'Chrome(64.0.3282.186)', 'Windows 8');
INSERT INTO `irp_inter_log` VALUES ('207', '24', '45', '1', '127.0.0.1', '1', '2018-03-25 14:25:23', 'Chrome(64.0.3282.186)', 'Windows 8');
INSERT INTO `irp_inter_log` VALUES ('208', '24', '45', '1', '127.0.0.1', '1', '2018-03-25 14:25:38', 'Chrome(64.0.3282.186)', 'Windows 8');
INSERT INTO `irp_inter_log` VALUES ('209', '24', '45', '1', '127.0.0.1', '1', '2018-03-25 14:25:39', 'Chrome(64.0.3282.186)', 'Windows 8');
INSERT INTO `irp_inter_log` VALUES ('210', '24', '45', '1', '127.0.0.1', '1', '2018-03-25 14:26:51', 'Chrome(64.0.3282.186)', 'Windows 8');
INSERT INTO `irp_inter_log` VALUES ('211', '24', '45', '1', '127.0.0.1', '1', '2018-03-29 13:24:03', 'Chrome(64.0.3282.186)', 'Windows 8');
INSERT INTO `irp_inter_log` VALUES ('212', '24', '45', '1', '127.0.0.1', '1', '2018-03-29 13:24:20', 'Chrome(64.0.3282.186)', 'Windows 8');
INSERT INTO `irp_inter_log` VALUES ('213', '24', '45', '1', '127.0.0.1', '1', '2018-03-29 13:24:30', 'Chrome(64.0.3282.186)', 'Windows 8');
INSERT INTO `irp_inter_log` VALUES ('214', '24', '45', '1', '127.0.0.1', '1', '2018-03-29 13:24:33', 'Chrome(64.0.3282.186)', 'Windows 8');
INSERT INTO `irp_inter_log` VALUES ('215', '24', '47', '3', '127.0.0.1', '1', '2018-03-29 15:28:00', 'Chrome(64.0.3282.186)', 'Windows 8');
INSERT INTO `irp_inter_log` VALUES ('216', '24', '46', '2', '127.0.0.1', '1', '2018-04-04 10:50:50', 'Chrome(64.0.3282.186)', 'Windows 10');
INSERT INTO `irp_inter_log` VALUES ('217', '24', '46', '2', '127.0.0.1', '1', '2018-04-04 10:54:09', 'Chrome(64.0.3282.186)', 'Windows 10');
INSERT INTO `irp_inter_log` VALUES ('218', '24', '46', '2', '127.0.0.1', '1', '2018-04-04 10:56:05', 'Chrome(64.0.3282.186)', 'Windows 10');
INSERT INTO `irp_inter_log` VALUES ('219', '24', '46', '2', '127.0.0.1', '1', '2018-04-04 10:56:06', 'Chrome(64.0.3282.186)', 'Windows 10');
INSERT INTO `irp_inter_log` VALUES ('220', '24', '46', '2', '127.0.0.1', '1', '2018-04-04 10:56:56', 'Chrome(64.0.3282.186)', 'Windows 10');
INSERT INTO `irp_inter_log` VALUES ('221', '24', '46', '2', '127.0.0.1', '1', '2018-04-04 10:57:46', 'Chrome(64.0.3282.186)', 'Windows 7');
INSERT INTO `irp_inter_log` VALUES ('222', '24', '46', '2', '127.0.0.1', '1', '2018-04-04 10:59:04', 'Chrome(64.0.3282.186)', 'Windows 7');
INSERT INTO `irp_inter_log` VALUES ('223', '24', '46', '2', '127.0.0.1', '1', '2018-04-04 10:59:08', 'Chrome(64.0.3282.186)', 'Windows 7');
INSERT INTO `irp_inter_log` VALUES ('224', '24', '46', '2', '127.0.0.1', '1', '2018-04-04 10:59:09', 'Chrome(64.0.3282.186)', 'Windows 7');
INSERT INTO `irp_inter_log` VALUES ('225', '24', '46', '2', '127.0.0.1', '1', '2018-04-04 10:59:09', 'Chrome(64.0.3282.186)', 'Windows 7');
INSERT INTO `irp_inter_log` VALUES ('226', '24', '46', '2', '127.0.0.1', '1', '2018-04-04 10:59:10', 'Chrome(64.0.3282.186)', 'Windows 7');
INSERT INTO `irp_inter_log` VALUES ('227', '24', '46', '2', '127.0.0.1', '1', '2018-04-04 10:59:10', 'IE(11.0)', 'Windows 7');
INSERT INTO `irp_inter_log` VALUES ('228', '24', '46', '2', '127.0.0.1', '0', '2018-04-04 10:59:11', 'IE(11.0)', 'Windows 7');
INSERT INTO `irp_inter_log` VALUES ('229', '24', '46', '2', '127.0.0.1', '0', '2018-04-04 10:59:28', 'IE(11.0)', 'Windows 7');
INSERT INTO `irp_inter_log` VALUES ('230', '24', '46', '2', '127.0.0.1', '0', '2018-04-04 10:59:45', 'IE(11.0)', 'Windows 7');
INSERT INTO `irp_inter_log` VALUES ('231', '24', '46', '2', '127.0.0.1', '1', '2018-04-04 11:00:17', 'IE(11.0)', 'Windows 7');
INSERT INTO `irp_inter_log` VALUES ('232', '24', '46', '2', '127.0.0.1', '1', '2018-04-04 11:02:24', 'IE(11.0)', 'Windows 7');
INSERT INTO `irp_inter_log` VALUES ('233', '24', '46', '2', '127.0.0.1', '1', '2018-04-04 11:05:23', 'IE(11.0)', 'Windows 7');
INSERT INTO `irp_inter_log` VALUES ('234', '24', '47', '3', '127.0.0.1', '1', '2018-04-04 11:09:25', 'IE(11.0)', 'Windows 7');
INSERT INTO `irp_inter_log` VALUES ('235', '24', '47', '3', '127.0.0.1', '1', '2018-04-04 11:19:41', 'IE(11.0)', 'Windows 7');
INSERT INTO `irp_inter_log` VALUES ('236', '24', '47', '3', '127.0.0.1', '1', '2018-04-04 11:20:05', 'IE(11.0)', 'Windows 7');
INSERT INTO `irp_inter_log` VALUES ('237', '24', '45', '1', '127.0.0.1', '1', '2018-04-04 12:21:08', 'IE(11.0)', 'Windows 7');
INSERT INTO `irp_inter_log` VALUES ('238', '24', '47', '3', '127.0.0.1', '1', '2018-04-04 12:21:14', 'IE(11.0)', 'Windows 7');
INSERT INTO `irp_inter_log` VALUES ('239', '24', '47', '3', '127.0.0.1', '1', '2018-04-04 12:21:33', 'IE(11.0)', 'Windows 10');
INSERT INTO `irp_inter_log` VALUES ('240', '24', '47', '3', '127.0.0.1', '1', '2018-04-04 12:26:37', 'IE(11.0)', 'Windows 10');
INSERT INTO `irp_inter_log` VALUES ('241', '24', '47', '3', '127.0.0.1', '1', '2018-04-04 12:28:07', 'Chrome(64.0.3282.186)', 'Windows 10');
INSERT INTO `irp_inter_log` VALUES ('242', '24', '47', '3', '127.0.0.1', '1', '2018-04-04 12:28:26', 'Chrome(64.0.3282.186)', 'Windows 10');
INSERT INTO `irp_inter_log` VALUES ('243', '24', '47', '3', '127.0.0.1', '1', '2018-04-04 12:28:27', 'Chrome(64.0.3282.186)', 'Windows 10');
INSERT INTO `irp_inter_log` VALUES ('244', '24', '47', '3', '127.0.0.1', '1', '2018-04-04 12:28:27', 'Chrome(64.0.3282.186)', 'Windows 10');
INSERT INTO `irp_inter_log` VALUES ('245', '24', '47', '3', '127.0.0.1', '1', '2018-04-04 12:28:49', 'Chrome(64.0.3282.186)', 'Windows 10');
INSERT INTO `irp_inter_log` VALUES ('246', '24', '47', '3', '127.0.0.1', '1', '2018-04-04 12:28:51', 'Chrome(64.0.3282.186)', 'Windows 10');
INSERT INTO `irp_inter_log` VALUES ('247', '24', '47', '3', '127.0.0.1', '0', '2018-04-04 12:28:52', 'Chrome(64.0.3282.186)', 'Windows 10');
INSERT INTO `irp_inter_log` VALUES ('248', '24', '47', '3', '127.0.0.1', '0', '2018-04-04 12:28:52', 'Chrome(64.0.3282.186)', 'Windows 10');
INSERT INTO `irp_inter_log` VALUES ('249', '24', '47', '3', '127.0.0.1', '1', '2018-04-04 12:29:07', 'Chrome(64.0.3282.186)', 'Windows 10');
INSERT INTO `irp_inter_log` VALUES ('250', '24', '47', '3', '127.0.0.1', '0', '2018-04-04 12:29:07', 'Chrome(64.0.3282.186)', 'Windows 10');
INSERT INTO `irp_inter_log` VALUES ('251', '24', '47', '3', '127.0.0.1', '1', '2018-04-04 12:29:46', 'Chrome(64.0.3282.186)', 'Windows 10');
INSERT INTO `irp_inter_log` VALUES ('252', '24', '47', '3', '127.0.0.1', '1', '2018-04-04 12:29:46', 'Chrome(64.0.3282.186)', 'Windows 10');
INSERT INTO `irp_inter_log` VALUES ('253', '24', '47', '3', '127.0.0.1', '1', '2018-04-04 12:29:47', 'Chrome(64.0.3282.186)', 'Windows 10');
INSERT INTO `irp_inter_log` VALUES ('254', '24', '47', '3', '127.0.0.1', '1', '2018-04-04 12:30:14', 'Chrome(64.0.3282.186)', 'Windows 10');
INSERT INTO `irp_inter_log` VALUES ('255', '24', '47', '3', '127.0.0.1', '1', '2018-04-04 12:30:14', 'Chrome(64.0.3282.186)', 'Windows 10');
INSERT INTO `irp_inter_log` VALUES ('256', '24', '47', '3', '127.0.0.1', '1', '2018-04-04 12:30:15', 'Chrome(64.0.3282.186)', 'Windows 10');
INSERT INTO `irp_inter_log` VALUES ('257', '24', '47', '3', '127.0.0.1', '0', '2018-04-04 12:30:35', 'Chrome(64.0.3282.186)', 'Windows 10');
INSERT INTO `irp_inter_log` VALUES ('258', '24', '47', '3', '127.0.0.1', '1', '2018-04-04 12:31:33', 'Chrome(64.0.3282.186)', 'Windows 10');
INSERT INTO `irp_inter_log` VALUES ('259', '24', '47', '3', '127.0.0.1', '1', '2018-04-04 12:31:51', 'Chrome(64.0.3282.186)', 'Windows 10');
INSERT INTO `irp_inter_log` VALUES ('260', '24', '47', '3', '127.0.0.1', '1', '2018-04-04 12:32:28', 'Chrome(64.0.3282.186)', 'Windows 10');
INSERT INTO `irp_inter_log` VALUES ('261', '24', '47', '3', '127.0.0.1', '1', '2018-04-04 12:32:46', 'Chrome(64.0.3282.186)', 'Windows 10');
INSERT INTO `irp_inter_log` VALUES ('262', '24', '47', '3', '127.0.0.1', '1', '2018-04-04 12:32:47', 'Chrome(64.0.3282.186)', 'Windows 10');
INSERT INTO `irp_inter_log` VALUES ('263', '24', '47', '3', '127.0.0.1', '1', '2018-04-04 12:32:57', 'Chrome(64.0.3282.186)', 'Windows 10');
INSERT INTO `irp_inter_log` VALUES ('264', '24', '47', '3', '127.0.0.1', '1', '2018-04-04 12:33:11', 'Chrome(64.0.3282.186)', 'Windows 10');
INSERT INTO `irp_inter_log` VALUES ('265', '24', '47', '3', '127.0.0.1', '1', '2018-04-04 12:33:12', 'Chrome(64.0.3282.186)', 'Windows 10');
INSERT INTO `irp_inter_log` VALUES ('266', '24', '47', '3', '127.0.0.1', '1', '2018-04-04 12:41:51', 'Chrome(64.0.3282.186)', 'Windows 10');
INSERT INTO `irp_inter_log` VALUES ('267', '24', '47', '3', '127.0.0.1', '1', '2018-04-04 12:42:34', 'Chrome(64.0.3282.186)', 'Windows 10');
INSERT INTO `irp_inter_log` VALUES ('268', '24', '47', '3', '127.0.0.1', '1', '2018-04-04 12:42:51', 'Chrome(64.0.3282.186)', 'Windows 10');
INSERT INTO `irp_inter_log` VALUES ('269', '24', '47', '3', '127.0.0.1', '1', '2018-04-04 12:44:27', 'Chrome(64.0.3282.186)', 'Windows 10');
INSERT INTO `irp_inter_log` VALUES ('270', '24', '47', '3', '127.0.0.1', '1', '2018-04-04 12:45:17', 'Chrome(64.0.3282.186)', 'Windows 10');
INSERT INTO `irp_inter_log` VALUES ('271', '24', '47', '3', '127.0.0.1', '1', '2018-04-04 12:45:38', 'Chrome(64.0.3282.186)', 'Windows 10');
INSERT INTO `irp_inter_log` VALUES ('272', '24', '47', '3', '127.0.0.1', '1', '2018-04-04 12:45:54', 'Chrome(64.0.3282.186)', 'Windows 10');
INSERT INTO `irp_inter_log` VALUES ('273', '24', '47', '3', '127.0.0.1', '1', '2018-04-04 12:46:11', 'Chrome(64.0.3282.186)', 'Windows 10');
INSERT INTO `irp_inter_log` VALUES ('274', '24', '47', '3', '127.0.0.1', '1', '2018-04-04 12:51:04', 'IE(11.0)', 'Windows 10');
INSERT INTO `irp_inter_log` VALUES ('275', '24', '47', '3', '127.0.0.1', '1', '2018-04-04 12:52:26', 'IE(11.0)', 'Windows 10');
INSERT INTO `irp_inter_log` VALUES ('276', '24', '47', '3', '127.0.0.1', '1', '2018-04-04 12:54:04', 'IE(11.0)', 'Windows 10');
INSERT INTO `irp_inter_log` VALUES ('277', '24', '47', '3', '127.0.0.1', '1', '2018-04-04 12:54:44', 'IE(11.0)', 'Windows 10');
INSERT INTO `irp_inter_log` VALUES ('278', '24', '47', '3', '127.0.0.1', '1', '2018-04-04 13:29:22', 'IE(11.0)', 'Windows 10');
INSERT INTO `irp_inter_log` VALUES ('279', '24', '47', '3', '127.0.0.1', '1', '2018-04-04 13:31:37', 'IE(11.0)', 'Windows 10');
INSERT INTO `irp_inter_log` VALUES ('280', '24', '47', '3', '127.0.0.1', '1', '2018-04-04 13:35:14', 'IE(11.0)', 'Windows 10');
INSERT INTO `irp_inter_log` VALUES ('281', '24', '47', '3', '127.0.0.1', '1', '2018-04-04 13:35:35', 'IE(11.0)', 'Windows 10');
INSERT INTO `irp_inter_log` VALUES ('282', '24', '47', '3', '127.0.0.1', '1', '2018-04-04 14:01:01', 'IE(11.0)', 'Windows 10');
INSERT INTO `irp_inter_log` VALUES ('283', '24', '45', '1', '127.0.0.1', '1', '2018-04-04 19:24:03', 'IE(11.0)', 'Windows 10');
INSERT INTO `irp_inter_log` VALUES ('284', '24', '45', '1', '127.0.0.1', '1', '2018-04-04 19:25:36', 'IE(11.0)', 'Windows 10');
INSERT INTO `irp_inter_log` VALUES ('285', '24', '45', '1', '127.0.0.1', '1', '2018-05-03 21:11:42', 'IE(11.0)', 'Windows 10');
INSERT INTO `irp_inter_log` VALUES ('286', '24', '45', '1', '127.0.0.1', '1', '2018-05-03 21:11:49', 'IE(11.0)', 'Windows 10');
INSERT INTO `irp_inter_log` VALUES ('287', '24', '45', '1', '127.0.0.1', '1', '2018-05-03 21:11:52', 'IE(11.0)', 'Windows 10');
INSERT INTO `irp_inter_log` VALUES ('288', '24', '45', '1', '127.0.0.1', '1', '2018-05-03 21:13:43', 'Chrome(64.0.3282.186)', 'Windows 10');
INSERT INTO `irp_inter_log` VALUES ('289', '24', '45', '1', '127.0.0.1', '1', '2018-05-03 21:14:13', 'Chrome(64.0.3282.186)', 'Windows 10');
INSERT INTO `irp_inter_log` VALUES ('290', '24', '45', '1', '127.0.0.1', '1', '2018-05-03 21:14:45', 'Chrome(64.0.3282.186)', 'Windows 10');
INSERT INTO `irp_inter_log` VALUES ('291', '24', '45', '1', '127.0.0.1', '1', '2018-05-03 21:15:57', 'Chrome(64.0.3282.186)', 'Windows 10');
INSERT INTO `irp_inter_log` VALUES ('292', '24', '45', '1', '127.0.0.1', '1', '2018-05-03 21:16:57', 'Chrome(64.0.3282.186)', 'Windows 10');
INSERT INTO `irp_inter_log` VALUES ('293', '24', '45', '1', '127.0.0.1', '1', '2018-05-03 21:17:00', 'Chrome(64.0.3282.186)', 'Windows 10');
INSERT INTO `irp_inter_log` VALUES ('294', '24', '45', '1', '127.0.0.1', '1', '2018-05-03 21:17:03', 'Chrome(64.0.3282.186)', 'Windows 7');
INSERT INTO `irp_inter_log` VALUES ('295', '24', '45', '1', '127.0.0.1', '1', '2018-05-03 21:17:13', 'Chrome(64.0.3282.186)', 'Windows 7');
INSERT INTO `irp_inter_log` VALUES ('296', '24', '45', '1', '127.0.0.1', '1', '2018-05-03 21:17:16', 'Chrome(64.0.3282.186)', 'Windows 7');
INSERT INTO `irp_inter_log` VALUES ('297', '24', '45', '1', '127.0.0.1', '1', '2018-05-03 21:17:29', 'Chrome(64.0.3282.186)', 'Windows 7');
INSERT INTO `irp_inter_log` VALUES ('298', '24', '45', '1', '127.0.0.1', '0', '2018-05-03 21:17:31', 'Chrome(64.0.3282.186)', 'Windows 7');
INSERT INTO `irp_inter_log` VALUES ('299', '24', '45', '1', '127.0.0.1', '0', '2018-05-03 21:17:36', 'Chrome(64.0.3282.186)', 'Windows 7');
INSERT INTO `irp_inter_log` VALUES ('300', '24', '45', '1', '127.0.0.1', '0', '2018-05-03 21:17:40', 'Chrome(64.0.3282.186)', 'Windows 7');
INSERT INTO `irp_inter_log` VALUES ('301', '24', '45', '1', '127.0.0.1', '0', '2018-05-03 21:17:41', 'Chrome(64.0.3282.186)', 'Windows 7');
INSERT INTO `irp_inter_log` VALUES ('302', '24', '45', '1', '127.0.0.1', '0', '2018-05-03 21:17:47', 'Chrome(64.0.3282.186)', 'Windows 7');
INSERT INTO `irp_inter_log` VALUES ('303', '24', '45', '1', '127.0.0.1', '0', '2018-05-03 21:17:47', 'Chrome(64.0.3282.186)', 'Windows 7');
INSERT INTO `irp_inter_log` VALUES ('304', '24', '45', '1', '127.0.0.1', '0', '2018-05-03 21:17:47', 'Chrome(64.0.3282.186)', 'Windows 7');
INSERT INTO `irp_inter_log` VALUES ('305', '24', '45', '1', '127.0.0.1', '0', '2018-05-03 21:17:47', 'Chrome(64.0.3282.186)', 'Windows 7');
INSERT INTO `irp_inter_log` VALUES ('306', '24', '45', '1', '127.0.0.1', '0', '2018-05-03 21:17:48', 'Chrome(64.0.3282.186)', 'Windows 7');
INSERT INTO `irp_inter_log` VALUES ('307', '24', '45', '1', '127.0.0.1', '0', '2018-05-03 21:17:48', 'Chrome(64.0.3282.186)', 'Windows 7');
INSERT INTO `irp_inter_log` VALUES ('308', '24', '45', '1', '127.0.0.1', '0', '2018-05-03 21:17:50', 'Chrome(64.0.3282.186)', 'Windows 7');
INSERT INTO `irp_inter_log` VALUES ('309', '24', '45', '1', '127.0.0.1', '1', '2018-05-03 21:18:29', 'Chrome(64.0.3282.186)', 'Windows 7');
INSERT INTO `irp_inter_log` VALUES ('310', '24', '47', '3', '127.0.0.1', '1', '2018-05-03 21:18:53', 'Chrome(64.0.3282.186)', 'Windows 7');
INSERT INTO `irp_inter_log` VALUES ('311', '24', '45', '1', '127.0.0.1', '1', '2018-05-03 21:21:20', 'Chrome(64.0.3282.186)', 'Windows 7');
INSERT INTO `irp_inter_log` VALUES ('312', '24', '45', '1', '127.0.0.1', '1', '2018-05-03 21:21:27', 'Chrome(64.0.3282.186)', 'Windows 10');
INSERT INTO `irp_inter_log` VALUES ('313', '24', '45', '1', '127.0.0.1', '1', '2018-05-03 21:21:28', 'Chrome(64.0.3282.186)', 'Windows 10');
INSERT INTO `irp_inter_log` VALUES ('314', '24', '45', '1', '127.0.0.1', '1', '2018-05-03 21:21:32', 'Chrome(64.0.3282.186)', 'Windows 10');
INSERT INTO `irp_inter_log` VALUES ('315', '24', '46', '2', '127.0.0.1', '1', '2018-05-03 21:21:52', 'Chrome(64.0.3282.186)', 'Windows 10');
INSERT INTO `irp_inter_log` VALUES ('316', '24', '45', '1', '127.0.0.1', '1', '2018-05-04 13:19:27', 'Chrome(64.0.3282.186)', 'Windows 10');
INSERT INTO `irp_inter_log` VALUES ('317', '24', '45', '1', '127.0.0.1', '1', '2018-05-04 13:20:54', 'Chrome(64.0.3282.186)', 'Windows 10');
INSERT INTO `irp_inter_log` VALUES ('318', '24', '47', '3', '127.0.0.1', '1', '2018-05-04 13:27:53', 'Chrome(64.0.3282.186)', 'Windows 8');
INSERT INTO `irp_inter_log` VALUES ('319', '24', '47', '3', '127.0.0.1', '1', '2018-05-04 13:56:55', 'Chrome(64.0.3282.186)', 'Windows 8');
INSERT INTO `irp_inter_log` VALUES ('320', '24', '45', '1', '127.0.0.1', '1', '2018-05-07 19:10:45', 'Chrome(64.0.3282.186)', 'Windows 8');
INSERT INTO `irp_inter_log` VALUES ('321', '24', '46', '2', '127.0.0.1', '1', '2018-05-07 19:51:42', 'Chrome(64.0.3282.186)', 'Windows 8');
INSERT INTO `irp_inter_log` VALUES ('322', '24', '45', '1', '127.0.0.1', '1', '2018-05-08 11:53:49', 'Chrome(64.0.3282.186)', 'Windows 8');
INSERT INTO `irp_inter_log` VALUES ('323', '24', '46', '2', '127.0.0.1', '1', '2018-05-08 18:49:38', 'Chrome(64.0.3282.186)', 'Windows 8');
INSERT INTO `irp_inter_log` VALUES ('324', '24', '45', '1', '127.0.0.1', '1', '2018-05-08 18:49:43', 'Chrome(64.0.3282.186)', 'Windows 8');
INSERT INTO `irp_inter_log` VALUES ('325', '24', '45', '1', '127.0.0.1', '1', '2018-05-08 18:49:49', 'Chrome(64.0.3282.186)', 'Windows 8');
INSERT INTO `irp_inter_log` VALUES ('326', '24', '47', '3', '127.0.0.1', '1', '2018-05-08 18:49:53', 'Chrome(64.0.3282.186)', 'Windows 8');
INSERT INTO `irp_inter_log` VALUES ('327', '24', '45', '1', '127.0.0.1', '1', '2018-05-08 18:50:05', 'Chrome(64.0.3282.186)', 'Windows 8');
INSERT INTO `irp_inter_log` VALUES ('328', '24', '45', '1', '127.0.0.1', '1', '2018-05-08 18:50:15', 'Chrome(64.0.3282.186)', 'Windows 8');
INSERT INTO `irp_inter_log` VALUES ('329', '24', '45', '1', '127.0.0.1', '1', '2018-05-08 18:50:20', 'IE(11.0)', 'Windows 8');
INSERT INTO `irp_inter_log` VALUES ('330', '24', '47', '3', '127.0.0.1', '1', '2018-05-08 18:50:23', 'IE(11.0)', 'Windows 8');
INSERT INTO `irp_inter_log` VALUES ('331', '24', '46', '2', '127.0.0.1', '1', '2018-05-09 13:54:24', 'IE(11.0)', 'Windows 8');
INSERT INTO `irp_inter_log` VALUES ('332', '24', '45', '1', '127.0.0.1', '1', '2018-05-09 13:54:27', 'IE(11.0)', 'Windows 8');
INSERT INTO `irp_inter_log` VALUES ('333', '24', '45', '1', '127.0.0.1', '1', '2018-05-09 13:54:44', 'IE(11.0)', 'Windows 8');
INSERT INTO `irp_inter_log` VALUES ('334', '24', '45', '1', '127.0.0.1', '1', '2018-05-09 13:54:46', 'IE(11.0)', 'Windows 8');
INSERT INTO `irp_inter_log` VALUES ('335', '24', '46', '2', '127.0.0.1', '1', '2018-05-09 13:54:58', 'IE(11.0)', 'Windows 8');
INSERT INTO `irp_inter_log` VALUES ('336', '24', '47', '3', '127.0.0.1', '1', '2018-05-09 13:55:02', 'IE(11.0)', 'Windows 8');
INSERT INTO `irp_inter_log` VALUES ('337', '24', '47', '3', '127.0.0.1', '1', '2018-05-10 11:07:12', 'IE(11.0)', 'Windows 8');
INSERT INTO `irp_inter_log` VALUES ('338', '24', '46', '2', '127.0.0.1', '1', '2018-05-10 11:07:17', 'IE(11.0)', 'Windows 8');
INSERT INTO `irp_inter_log` VALUES ('339', '24', '47', '3', '127.0.0.1', '1', '2018-05-10 11:07:20', 'IE(11.0)', 'Windows 8');
INSERT INTO `irp_inter_log` VALUES ('340', '24', '45', '1', '127.0.0.1', '1', '2018-05-10 11:07:23', 'IE(11.0)', 'Windows 8');
INSERT INTO `irp_inter_log` VALUES ('341', '24', '45', '1', '127.0.0.1', '1', '2018-05-10 11:07:28', 'IE(11.0)', 'Windows 8');
INSERT INTO `irp_inter_log` VALUES ('342', '24', '45', '1', '127.0.0.1', '1', '2018-05-10 11:07:32', 'IE(11.0)', 'Windows 8');
INSERT INTO `irp_inter_log` VALUES ('343', '24', '45', '1', '127.0.0.1', '1', '2018-05-10 11:07:36', 'Chrome(64.0.3282.186)', 'Windows 8');
INSERT INTO `irp_inter_log` VALUES ('344', '24', '46', '2', '127.0.0.1', '1', '2018-05-10 15:57:35', 'Chrome(64.0.3282.186)', 'Windows 8');
INSERT INTO `irp_inter_log` VALUES ('345', '24', '47', '3', '127.0.0.1', '1', '2018-05-10 15:57:39', 'Chrome(64.0.3282.186)', 'Windows 8');
INSERT INTO `irp_inter_log` VALUES ('346', '24', '45', '1', '127.0.0.1', '1', '2018-05-10 15:58:20', 'Chrome(64.0.3282.186)', 'Windows 8');
INSERT INTO `irp_inter_log` VALUES ('347', '24', '45', '1', '127.0.0.1', '1', '2018-05-10 15:58:25', 'Chrome(64.0.3282.186)', 'Windows 8');
INSERT INTO `irp_inter_log` VALUES ('348', '24', '45', '1', '127.0.0.1', '1', '2018-05-10 15:58:40', 'Chrome(64.0.3282.186)', 'Windows 8');
INSERT INTO `irp_inter_log` VALUES ('349', '24', '45', '1', '127.0.0.1', '1', '2018-05-10 15:58:44', 'Chrome(64.0.3282.186)', 'Windows 8');
INSERT INTO `irp_inter_log` VALUES ('350', '24', '47', '3', '127.0.0.1', '1', '2018-05-10 15:58:47', 'Chrome(64.0.3282.186)', 'Windows 8');

-- ----------------------------
-- Table structure for irp_message
-- ----------------------------
DROP TABLE IF EXISTS `irp_message`;
CREATE TABLE `irp_message` (
  `uid` int(11) NOT NULL AUTO_INCREMENT,
  `user_id` int(11) DEFAULT NULL,
  `name` varchar(255) DEFAULT NULL,
  `email` varchar(255) DEFAULT NULL,
  `title` varchar(255) DEFAULT NULL,
  `content` longtext,
  `img` varchar(255) DEFAULT NULL,
  `img_name` varchar(255) DEFAULT NULL,
  `time` datetime DEFAULT NULL,
  `view_count` int(11) DEFAULT NULL COMMENT '是否查看了||是否发送成功',
  `type` int(11) NOT NULL COMMENT '类型',
  PRIMARY KEY (`uid`)
) ENGINE=InnoDB AUTO_INCREMENT=80 DEFAULT CHARSET=utf8;

-- ----------------------------
-- Records of irp_message
-- ----------------------------
INSERT INTO `irp_message` VALUES ('79', '3', '小彬', '764929841@qq.com', '测试图片', '<p><img src=\"http://127.0.0.1/static/img/message/message_1525950751.png\" style=\"width: 280px;\"><br></p>', 'http://127.0.0.1/static/img/message/message_1525950751.png', 'message_1525950751.png', '2018-05-10 19:12:33', '2', '1');

-- ----------------------------
-- Table structure for irp_news
-- ----------------------------
DROP TABLE IF EXISTS `irp_news`;
CREATE TABLE `irp_news` (
  `uid` int(11) NOT NULL AUTO_INCREMENT,
  `user_id` int(11) DEFAULT NULL,
  `title` varchar(255) DEFAULT NULL,
  `content` varchar(255) DEFAULT NULL,
  `time` datetime DEFAULT NULL,
  `view_count` int(11) DEFAULT NULL,
  `type` int(11) DEFAULT NULL,
  PRIMARY KEY (`uid`)
) ENGINE=InnoDB AUTO_INCREMENT=96 DEFAULT CHARSET=utf8;

-- ----------------------------
-- Records of irp_news
-- ----------------------------
INSERT INTO `irp_news` VALUES ('19', '0', '大家好！', '123123123', '2018-01-07 12:59:26', '1', '1');
INSERT INTO `irp_news` VALUES ('21', '7', '面向小彬', '赶快来啊！', '2018-01-07 13:14:11', '0', '1');
INSERT INTO `irp_news` VALUES ('22', '8', '这是面向第三个', '赶快来啊！', '2018-01-07 13:16:39', '0', '1');
INSERT INTO `irp_news` VALUES ('23', '7', '第二条通知哈哈哈哈！', '注意了', '2018-01-07 15:36:24', '1', '1');
INSERT INTO `irp_news` VALUES ('24', '7', '123', '123', '2018-01-07 15:38:43', '1', '1');
INSERT INTO `irp_news` VALUES ('25', '7', '1321', '213213', '2018-01-07 16:13:23', '1', '1');
INSERT INTO `irp_news` VALUES ('49', '7', '接口提交管理员审核结果通知！', '恭喜你！，你的【人脸识别】接口已经通过了审核<a href=\"_ROOT_/user/interface\">前往查看</a>', '2018-01-13 16:06:48', '1', '0');
INSERT INTO `irp_news` VALUES ('50', '7', '接口提交管理员审核结果通知！', '恭喜你！，你的【图像识别】接口已经通过了审核<a href=\"_ROOT_/user/interface\">前往查看</a>', '2018-01-13 16:06:48', '1', '0');
INSERT INTO `irp_news` VALUES ('51', '7', '接口提交管理员审核结果通知！', '恭喜你！，你的【印刷文字识别】接口已经通过了审核<a href=\"_ROOT_/user/interface\">前往查看</a>', '2018-01-13 16:06:48', '1', '0');
INSERT INTO `irp_news` VALUES ('52', '7', '接口状态改变通知！', '不好意思哦！，你的【人脸识别】接口已经被禁用！', '2018-01-13 16:08:27', '1', '0');
INSERT INTO `irp_news` VALUES ('53', '7', '接口提交管理员审核结果通知！', '恭喜你！，你的【人脸识别】接口已经通过了审核<a href=\"_ROOT_/user/interface\">前往查看</a>', '2018-01-13 16:21:01', '1', '0');
INSERT INTO `irp_news` VALUES ('54', '7', '接口提交管理员审核结果通知！', '不好意思哦！，你的【人脸识别】接口已经被禁用！', '2018-01-13 16:21:44', '1', '0');
INSERT INTO `irp_news` VALUES ('55', '7', '接口提交管理员审核结果通知！', '恭喜你！，你的【人脸识别】接口已经通过了审核<a href=\"_ROOT_/user/interface\">前往查看</a>', '2018-01-13 16:26:37', '0', '0');
INSERT INTO `irp_news` VALUES ('56', '7', '接口状态改变通知！', '不好意思哦！，你的【人脸识别】接口已经被禁用！', '2018-01-13 19:29:36', '0', '0');
INSERT INTO `irp_news` VALUES ('57', '9', '接口提交管理员审核结果通知！', '恭喜你！，你的【人脸识别】接口已经通过了审核<a href=\"_ROOT_/user/interface\">前往查看</a>', '2018-01-13 21:23:51', '0', '0');
INSERT INTO `irp_news` VALUES ('58', '9', '接口提交管理员审核结果通知！', '恭喜你！，你的【图像识别】接口已经通过了审核<a href=\"_ROOT_/user/interface\">前往查看</a>', '2018-01-13 21:23:51', '0', '0');
INSERT INTO `irp_news` VALUES ('59', '9', '接口提交管理员审核结果通知！', '恭喜你！，你的【印刷文字识别】接口已经通过了审核<a href=\"_ROOT_/user/interface\">前往查看</a>', '2018-01-13 21:23:51', '0', '0');
INSERT INTO `irp_news` VALUES ('60', '8', '接口状态改变通知！', '不好意思哦！，你的【印刷文字识别】接口已经被禁用！', '2018-01-13 21:47:04', '0', '0');
INSERT INTO `irp_news` VALUES ('61', '8', '接口提交管理员审核结果通知！', '恭喜你！，你的【印刷文字识别】接口已经通过了审核<a href=\"_ROOT_/user/interface\">前往查看</a>', '2018-01-13 21:47:09', '0', '0');
INSERT INTO `irp_news` VALUES ('62', '8', '接口状态改变通知！', '不好意思哦！，你的【印刷文字识别】接口已经被禁用！', '2018-01-13 21:47:11', '0', '0');
INSERT INTO `irp_news` VALUES ('63', '8', '接口提交管理员审核结果通知！', '恭喜你！，你的【印刷文字识别】接口已经通过了审核<a href=\"_ROOT_/user/interface\">前往查看</a>', '2018-01-13 21:47:12', '0', '0');
INSERT INTO `irp_news` VALUES ('64', '9', '接口状态改变通知！', '不好意思哦！，你的【印刷文字识别】接口已经被禁用！', '2018-01-13 21:48:11', '0', '0');
INSERT INTO `irp_news` VALUES ('65', '7', '接口提交管理员审核结果通知！', '恭喜你！，你的【印刷文字识别】接口已经通过了审核<a href=\"_ROOT_/user/interface\">前往查看</a>', '2018-01-14 11:02:34', '1', '0');
INSERT INTO `irp_news` VALUES ('66', '24', '接口提交管理员审核结果通知！', '恭喜你！，你的【人脸识别】接口已经通过了审核<a href=\"_ROOT_/user/interface\">前往查看</a>', '2018-03-12 18:51:13', '1', '0');
INSERT INTO `irp_news` VALUES ('67', '24', '接口状态改变通知！', '不好意思哦！，你的【人脸识别】接口已经被禁用！', '2018-03-12 18:52:33', '0', '0');
INSERT INTO `irp_news` VALUES ('68', '24', '接口提交管理员审核结果通知！', '恭喜你！，你的【人脸识别】接口已经通过了审核<a href=\"_ROOT_/user/interface\">前往查看</a>', '2018-03-12 19:10:43', '0', '0');
INSERT INTO `irp_news` VALUES ('69', '24', '接口提交管理员审核结果通知！', '恭喜你！，你的【图像识别】接口已经通过了审核<a href=\"_ROOT_/user/interface\">前往查看</a>', '2018-03-12 19:53:15', '0', '0');
INSERT INTO `irp_news` VALUES ('70', '24', '接口提交管理员审核结果通知！', '恭喜你！，你的【印刷文字识别】接口已经通过了审核<a href=\"_ROOT_/user/interface\">前往查看</a>', '2018-03-12 19:53:17', '0', '0');
INSERT INTO `irp_news` VALUES ('71', '24', '接口状态改变通知！', '不好意思哦！，你的【图像识别】接口已经被禁用！', '2018-03-12 19:53:17', '0', '0');
INSERT INTO `irp_news` VALUES ('72', '24', '接口提交管理员审核结果通知！', '恭喜你！，你的【人脸识别】接口已经通过了审核<a href=\"_ROOT_/user/interface\">前往查看</a>', '2018-03-12 19:53:18', '1', '0');
INSERT INTO `irp_news` VALUES ('73', '24', '接口状态改变通知！', '不好意思哦！，你的【印刷文字识别】接口已经被禁用！', '2018-03-12 19:53:19', '1', '0');
INSERT INTO `irp_news` VALUES ('74', '24', '接口状态改变通知！', '不好意思哦！，你的【人脸识别】接口已经被禁用！', '2018-03-12 19:53:19', '1', '0');
INSERT INTO `irp_news` VALUES ('75', '24', '接口提交管理员审核结果通知！', '恭喜你！，你的【图像识别】接口已经通过了审核<a href=\"_ROOT_/user/interface\">前往查看</a>', '2018-03-12 19:53:19', '1', '0');
INSERT INTO `irp_news` VALUES ('76', '24', '接口提交管理员审核结果通知！', '恭喜你！，你的【印刷文字识别】接口已经通过了审核<a href=\"_ROOT_/user/interface\">前往查看</a>', '2018-03-12 19:53:20', '1', '0');
INSERT INTO `irp_news` VALUES ('77', '24', '接口提交管理员审核结果通知！', '恭喜你！，你的【人脸识别】接口已经通过了审核<a href=\"_ROOT_/user/interface\">前往查看</a>', '2018-03-12 19:53:20', '1', '0');
INSERT INTO `irp_news` VALUES ('78', '24', '接口状态改变通知！', '不好意思哦！，你的【图像识别】接口已经被禁用！', '2018-03-19 13:31:58', '0', '0');
INSERT INTO `irp_news` VALUES ('79', '24', '接口提交管理员审核结果通知！', '恭喜你！，你的【图像识别】接口已经通过了审核<a href=\"_ROOT_/user/interface\">前往查看</a>', '2018-03-19 13:32:00', '1', '0');
INSERT INTO `irp_news` VALUES ('80', '24', '通知！', '请及时完善信息', '2018-03-19 13:32:42', '1', '1');
INSERT INTO `irp_news` VALUES ('81', '9', '接口提交管理员审核结果通知！', '恭喜你！，你的【印刷文字识别】接口已经通过了审核<a href=\"_ROOT_/user/interface\">前往查看</a>', '2018-03-19 14:38:51', '0', '0');
INSERT INTO `irp_news` VALUES ('82', '9', '接口状态改变通知！', '不好意思哦！，你的【印刷文字识别】接口已经被禁用！', '2018-03-19 14:38:52', '0', '0');
INSERT INTO `irp_news` VALUES ('83', '24', '紧急通知', '及时完善消息哦！', '2018-03-19 14:39:23', '1', '1');
INSERT INTO `irp_news` VALUES ('84', '24', '你好', '请完善信息', '2018-03-19 15:12:19', '0', '1');
INSERT INTO `irp_news` VALUES ('85', '9', '接口提交管理员审核结果通知！', '恭喜你！，你的【印刷文字识别】接口已经通过了审核<a href=\"_ROOT_/user/interface\">前往查看</a>', '2018-05-03 12:08:28', '0', '0');
INSERT INTO `irp_news` VALUES ('86', '9', '接口状态改变通知！', '不好意思哦！，你的【印刷文字识别】接口已经被禁用！', '2018-05-03 12:08:29', '0', '0');
INSERT INTO `irp_news` VALUES ('87', '14', '接口提交管理员审核结果通知！', '恭喜你！，你的【人脸识别】接口已经通过了审核<a href=\"_ROOT_/user/interface\">前往查看</a>', '2018-05-10 18:46:29', '0', '0');
INSERT INTO `irp_news` VALUES ('88', '14', '接口提交管理员审核结果通知！', '恭喜你！，你的【图像识别】接口已经通过了审核<a href=\"_ROOT_/user/interface\">前往查看</a>', '2018-05-10 18:46:29', '0', '0');
INSERT INTO `irp_news` VALUES ('89', '14', '接口提交管理员审核结果通知！', '恭喜你！，你的【印刷文字识别】接口已经通过了审核<a href=\"_ROOT_/user/interface\">前往查看</a>', '2018-05-10 18:46:29', '0', '0');
INSERT INTO `irp_news` VALUES ('90', '18', '接口提交管理员审核结果通知！', '恭喜你！，你的【人脸识别】接口已经通过了审核<a href=\"_ROOT_/user/interface\">前往查看</a>', '2018-05-10 18:48:17', '0', '0');
INSERT INTO `irp_news` VALUES ('91', '18', '接口提交管理员审核结果通知！', '恭喜你！，你的【图像识别】接口已经通过了审核<a href=\"_ROOT_/user/interface\">前往查看</a>', '2018-05-10 18:48:17', '0', '0');
INSERT INTO `irp_news` VALUES ('92', '18', '接口提交管理员审核结果通知！', '恭喜你！，你的【印刷文字识别】接口已经通过了审核<a href=\"_ROOT_/user/interface\">前往查看</a>', '2018-05-10 18:48:17', '0', '0');
INSERT INTO `irp_news` VALUES ('93', '26', '接口提交管理员审核结果通知！', '恭喜你！，你的【人脸识别】接口已经通过了审核<a href=\"_ROOT_/user/interface\">前往查看</a>', '2018-05-10 18:48:49', '0', '0');
INSERT INTO `irp_news` VALUES ('94', '26', '接口提交管理员审核结果通知！', '恭喜你！，你的【图像识别】接口已经通过了审核<a href=\"_ROOT_/user/interface\">前往查看</a>', '2018-05-10 18:48:49', '0', '0');
INSERT INTO `irp_news` VALUES ('95', '26', '接口提交管理员审核结果通知！', '恭喜你！，你的【印刷文字识别】接口已经通过了审核<a href=\"_ROOT_/user/interface\">前往查看</a>', '2018-05-10 18:48:49', '0', '0');

-- ----------------------------
-- Table structure for irp_setting
-- ----------------------------
DROP TABLE IF EXISTS `irp_setting`;
CREATE TABLE `irp_setting` (
  `uid` int(255) NOT NULL AUTO_INCREMENT,
  `title` varchar(255) DEFAULT NULL,
  `key` varchar(255) DEFAULT NULL,
  `description` varchar(255) DEFAULT NULL,
  `copyright` varchar(255) DEFAULT NULL,
  `copyright_url` varchar(255) DEFAULT NULL,
  `icp` varchar(255) DEFAULT NULL,
  `icp_url` varchar(255) DEFAULT NULL,
  `police` varchar(255) DEFAULT NULL,
  `police_url` varchar(255) DEFAULT NULL,
  `add_time` datetime DEFAULT NULL,
  PRIMARY KEY (`uid`)
) ENGINE=InnoDB AUTO_INCREMENT=6 DEFAULT CHARSET=utf8;

-- ----------------------------
-- Records of irp_setting
-- ----------------------------
INSERT INTO `irp_setting` VALUES ('1', '智能在线图像识别系统', '智能，图像识别，接口实例化', '这个是接口化开发的在线图像识别接口', 'Copyright © 2017 宁德师院计算机系', 'http://www.baidu.com', 'ICP备案 34110202000150号', null, '闽公网安备 34110202000150号', 'http://www.beian.gov.cn/portal/registerSystemInfo', '2017-12-21 19:45:11');
INSERT INTO `irp_setting` VALUES ('2', '智能在线图像识别系统', '智能，图像识别，接口实例化', '这个是接口化开发的在线图像识别接口', 'Copyright © 2017 宁德师院计算机系', 'http://www.baidu.com', 'ICP备案 34110202000150号', null, '闽公网安备 34110202000150号', 'http://www.beian.gov.cn/portal/registerSystemInfo', '2017-12-21 20:49:20');
INSERT INTO `irp_setting` VALUES ('3', '智能在线图像识别系统', '智能，图像识别，接口实例化', '这个是接口化开发的在线图像识别接口', 'Copyright © 2017 宁德师院计算机系', 'http://www.baidu.com', 'ICP备案 34110202000150号', 'http://www.baidu.com', '闽公网安备 34110202000150号', 'http://www.beian.gov.cn/portal/registerSystemInfo', '2017-12-21 20:50:12');
INSERT INTO `irp_setting` VALUES ('4', '智能在线图像识别系统', '智能，图像识别，接口实例化', '这个是接口化开发的在线图像识别接口', 'Copyright © 2017 宁德师院信息与机电工程学院', 'http://www.baidu.com', 'ICP备案 34110202000150号', 'http://www.baidu.com', '闽公网安备 34110202000150号', 'http://www.beian.gov.cn/portal/registerSystemInfo', '2018-05-03 20:21:22');
INSERT INTO `irp_setting` VALUES ('5', '智能在线图像识别系统', '智能，图像识别，人脸识别，图片转文本，接口实例化', '这个是接口化开发的在线图像识别接口', 'Copyright © 2017 宁德师院信息与机电工程学院', 'http://www.baidu.com', 'ICP备案 34110202000150号', 'http://www.baidu.com', '闽公网安备 34110202000150号', 'http://www.beian.gov.cn/portal/registerSystemInfo', '2018-05-10 19:14:51');

-- ----------------------------
-- Table structure for irp_user
-- ----------------------------
DROP TABLE IF EXISTS `irp_user`;
CREATE TABLE `irp_user` (
  `uid` int(11) NOT NULL AUTO_INCREMENT,
  `name` varchar(255) DEFAULT NULL,
  `email` varchar(255) NOT NULL,
  `pwd` varchar(255) DEFAULT NULL,
  `time` datetime DEFAULT NULL,
  `openid` varchar(255) DEFAULT NULL,
  `status` int(11) NOT NULL,
  `login_time` datetime NOT NULL,
  `update_time` datetime DEFAULT NULL,
  `login_info` text,
  `login_count` int(11) DEFAULT NULL,
  `integral` int(11) DEFAULT NULL COMMENT '积分，统计活跃度用',
  `integral_time` datetime DEFAULT NULL,
  `avatar` varchar(255) DEFAULT NULL,
  `place` varchar(255) DEFAULT NULL,
  `phone` varchar(255) DEFAULT NULL,
  `application` varchar(255) DEFAULT NULL,
  `business` varchar(255) DEFAULT NULL,
  PRIMARY KEY (`uid`,`email`),
  KEY `uid` (`uid`)
) ENGINE=InnoDB AUTO_INCREMENT=27 DEFAULT CHARSET=utf8;

-- ----------------------------
-- Records of irp_user
-- ----------------------------
INSERT INTO `irp_user` VALUES ('8', '彬彬', '1545642562@qq.com', '0557b93d259564c1d355cd9efdfc5e2a', '2017-11-27 11:55:40', 'cd75a3fd667ae5f705c30fd2b158ca42', '1', '0000-00-00 00:00:00', '0000-00-00 00:00:00', '', '0', '0', null, '', null, null, null, null);
INSERT INTO `irp_user` VALUES ('9', 'hello', '7649@qq.con', 'aa21d3e5cc1c9646b3a21ce36cfbcbb5', '2017-11-27 11:55:40', 'cd75a3fd667ae5f705c30fd2b158ca42', '1', '0000-00-00 00:00:00', '0000-00-00 00:00:00', '', '0', '0', null, '', null, null, null, null);
INSERT INTO `irp_user` VALUES ('14', '台南佳', '78456@qq.com', 'aa21d3e5cc1c9646b3a21ce36cfbcbb5', '2017-12-17 19:55:10', 'e12db323dd05b18f79d8b9abec88ac24', '1', '0000-00-00 00:00:00', '0000-00-00 00:00:00', '', '0', '0', null, '', null, null, null, null);
INSERT INTO `irp_user` VALUES ('15', '1321', '4619@qq.com', 'aa21d3e5cc1c9646b3a21ce36cfbcbb5', '2017-12-17 19:56:41', '5be36f879e59aaef4d12e63ade8bfd7b', '1', '0000-00-00 00:00:00', '0000-00-00 00:00:00', '', '0', '100', null, '', null, null, null, null);
INSERT INTO `irp_user` VALUES ('16', 'binbin', '123456@qq.com', 'aa21d3e5cc1c9646b3a21ce36cfbcbb5', '2017-12-18 12:42:07', 'b0955438dbee78dde0019671a989d353', '1', '0000-00-00 00:00:00', '0000-00-00 00:00:00', '', '0', '0', null, '', null, null, null, null);
INSERT INTO `irp_user` VALUES ('18', '小明', '123@qq.con', 'aa21d3e5cc1c9646b3a21ce36cfbcbb5', '2017-12-20 15:35:01', '284044ca13885c89019f87b34cf9ad32', '1', '0000-00-00 00:00:00', '0000-00-00 00:00:00', '', '0', '12', null, '', null, null, null, null);
INSERT INTO `irp_user` VALUES ('19', 'xiaolin', '123@qq.conm', 'aa21d3e5cc1c9646b3a21ce36cfbcbb5', '2017-12-20 15:35:24', '9d0abd54b742c2e0c0ebfc5f3e5d2b42', '1', '0000-00-00 00:00:00', '0000-00-00 00:00:00', '', '0', '12', null, '', null, null, null, null);
INSERT INTO `irp_user` VALUES ('20', 'xifong', 'sadaskk@ada.com', 'aa21d3e5cc1c9646b3a21ce36cfbcbb5', '2017-12-20 15:35:37', '0a9522c59d7e4a2715c2df4320c4fdb1', '1', '0000-00-00 00:00:00', '0000-00-00 00:00:00', '', '0', '123', null, '', null, null, null, null);
INSERT INTO `irp_user` VALUES ('21', 'wqeqw', '1131@qw.vom', 'aa21d3e5cc1c9646b3a21ce36cfbcbb5', '2017-12-20 15:35:51', '8b2bf4d925ce5be9666f2a4d1f6fb1bb', '1', '0000-00-00 00:00:00', '0000-00-00 00:00:00', '', '0', '1', null, '', null, null, null, null);
INSERT INTO `irp_user` VALUES ('23', '彬彬', '4564@qq.com', 'aa21d3e5cc1c9646b3a21ce36cfbcbb5', '2018-01-06 20:09:02', '0da7b2bce39b8b4678356a4ff7fe6bef', '1', '0000-00-00 00:00:00', null, null, '0', '99', null, null, null, null, null, null);
INSERT INTO `irp_user` VALUES ('24', '沈晓彬', '764929841@qq.com', '0557b93d259564c1d355cd9efdfc5e2a', '2018-03-12 14:50:28', 'cd75a3fd667ae5f705c30fd2b158ca42', '1', '2018-05-10 18:36:30', '2018-03-19 15:06:15', '[{\"ip\":\"127.0.0.1\",\"login_time\":\"2018-03-12 17:06:24\"},{\"ip\":\"127.0.0.1\",\"login_time\":\"2018-03-12 17:38:27\"},{\"ip\":\"127.0.0.1\",\"login_time\":\"2018-03-13 13:05:36\"},{\"ip\":\"127.0.0.1\",\"login_time\":\"2018-03-15 18:50:40\"},{\"ip\":\"127.0.0.1\",\"login_time\":\"2018-03-16 11:21:51\"},{\"ip\":\"127.0.0.1\",\"login_time\":\"2018-03-16 12:06:22\"},{\"ip\":\"127.0.0.1\",\"login_time\":\"2018-03-17 13:47:39\"},{\"ip\":\"127.0.0.1\",\"login_time\":\"2018-03-17 13:49:46\"},{\"ip\":\"127.0.0.1\",\"login_time\":\"2018-03-17 16:37:07\"},{\"ip\":\"127.0.0.1\",\"login_time\":\"2018-03-19 13:13:17\"},{\"ip\":\"127.0.0.1\",\"login_time\":\"2018-03-19 13:23:50\"},{\"ip\":\"127.0.0.1\",\"login_time\":\"2018-03-19 13:34:59\"},{\"ip\":\"127.0.0.1\",\"login_time\":\"2018-03-19 14:01:52\"},{\"ip\":\"127.0.0.1\",\"login_time\":\"2018-03-19 14:30:30\"},{\"ip\":\"127.0.0.1\",\"login_time\":\"2018-03-19 14:42:40\"},{\"ip\":\"127.0.0.1\",\"login_time\":\"2018-03-19 14:59:54\"},{\"ip\":\"127.0.0.1\",\"login_time\":\"2018-03-19 15:07:23\"},{\"ip\":\"127.0.0.1\",\"login_time\":\"2018-03-19 15:12:48\"},{\"ip\":\"127.0.0.1\",\"login_time\":\"2018-03-19 21:16:40\"},{\"ip\":\"127.0.0.1\",\"login_time\":\"2018-03-19 21:18:59\"},{\"ip\":\"127.0.0.1\",\"login_time\":\"2018-03-21 12:46:23\"},{\"ip\":\"127.0.0.1\",\"login_time\":\"2018-03-21 12:48:24\"},{\"ip\":\"127.0.0.1\",\"login_time\":\"2018-03-25 13:59:24\"},{\"ip\":\"127.0.0.1\",\"login_time\":\"2018-03-29 15:13:50\"},{\"ip\":\"127.0.0.1\",\"login_time\":\"2018-03-29 15:29:42\"},{\"ip\":\"127.0.0.1\",\"login_time\":\"2018-05-03 14:07:58\"},{\"ip\":\"127.0.0.1\",\"login_time\":\"2018-05-03 14:30:55\"},{\"ip\":\"127.0.0.1\",\"login_time\":\"2018-05-03 20:20:03\"},{\"ip\":\"127.0.0.1\",\"login_time\":\"2018-05-03 21:13:36\"},{\"ip\":\"127.0.0.1\",\"login_time\":\"2018-05-04 13:19:18\"},{\"ip\":\"127.0.0.1\",\"login_time\":\"2018-05-07 19:07:42\"},{\"ip\":\"127.0.0.1\",\"login_time\":\"2018-05-08 11:53:25\"},{\"ip\":\"127.0.0.1\",\"login_time\":\"2018-05-08 18:49:20\"},{\"ip\":\"127.0.0.1\",\"login_time\":\"2018-05-09 13:54:17\"},{\"ip\":\"127.0.0.1\",\"login_time\":\"2018-05-10 11:06:00\"},{\"ip\":\"127.0.0.1\",\"login_time\":\"2018-05-10 18:36:30\"}]', '43', '90', '2018-05-10 15:58:59', '24_1521957924.png', '福建宁德市宁德师范学院信息与机电工程学院计算机系', '18760648056', '移动开发', '程序员');
INSERT INTO `irp_user` VALUES ('25', 'BAYMAX', '123@qq.com', 'aa21d3e5cc1c9646b3a21ce36cfbcbb5', '2018-03-17 12:54:01', 'eaf9e4120879ca7088810c783a967dfc', '1', '0000-00-00 00:00:00', null, '[{\"ip\":\"127.0.0.1\",\"login_time\":\"2018-03-17 12:54:39\"}]', '1', '50', null, null, null, null, null, null);
INSERT INTO `irp_user` VALUES ('26', '小明', '7641@qq.com', 'aa21d3e5cc1c9646b3a21ce36cfbcbb5', '2018-03-19 13:31:30', 'e4f1c22d55f4ef9fca2a0f1c5d8e9533', '1', '0000-00-00 00:00:00', null, null, '0', '0', null, null, null, null, null, null);

-- ----------------------------
-- Table structure for irp_user_emailcode
-- ----------------------------
DROP TABLE IF EXISTS `irp_user_emailcode`;
CREATE TABLE `irp_user_emailcode` (
  `uid` int(11) NOT NULL AUTO_INCREMENT,
  `code` varchar(255) NOT NULL,
  `time` datetime NOT NULL,
  `email` varchar(255) NOT NULL,
  `ip` varchar(255) DEFAULT NULL,
  `result` varchar(255) NOT NULL COMMENT '1:发送成功 0：发送失败',
  PRIMARY KEY (`uid`)
) ENGINE=InnoDB AUTO_INCREMENT=56 DEFAULT CHARSET=utf8;

-- ----------------------------
-- Records of irp_user_emailcode
-- ----------------------------
INSERT INTO `irp_user_emailcode` VALUES ('1', '12345', '2017-11-26 19:29:02', '123456@qq.com', '127.0.0.1', '1');
INSERT INTO `irp_user_emailcode` VALUES ('2', '74728', '2017-11-26 19:29:50', '764929841@qq.com', '127.0.0.1', '1');
INSERT INTO `irp_user_emailcode` VALUES ('3', '98027', '2017-11-26 19:56:38', '764929841@qq.com', '127.0.0.1', '1');
INSERT INTO `irp_user_emailcode` VALUES ('4', '43442', '2017-11-27 11:52:28', '764929841@qq.com', '127.0.0.1', '1');
INSERT INTO `irp_user_emailcode` VALUES ('5', '12343', '2017-12-13 15:36:32', '143@qq.com', '127.0.0.1', '0');
INSERT INTO `irp_user_emailcode` VALUES ('6', '45741', '2017-12-13 15:36:32', '143@qq.com', '127.0.0.1', '0');
INSERT INTO `irp_user_emailcode` VALUES ('7', '12343', '2017-12-13 15:36:32', '143@qq.com', '127.0.0.1', '0');
INSERT INTO `irp_user_emailcode` VALUES ('8', '12343', '2017-12-13 15:36:32', '143@qq.com', '127.0.0.1', '0');
INSERT INTO `irp_user_emailcode` VALUES ('9', '12343', '2017-12-13 15:36:32', '143@qq.com', '127.0.0.1', '0');
INSERT INTO `irp_user_emailcode` VALUES ('10', '12343', '2017-12-13 15:36:32', '143@qq.com', '127.0.0.1', '0');
INSERT INTO `irp_user_emailcode` VALUES ('11', '12343', '2017-12-13 15:36:32', '143@qq.com', '127.0.0.1', '0');
INSERT INTO `irp_user_emailcode` VALUES ('12', '12343', '2017-12-13 15:36:32', '143@qq.com', '127.0.0.1', '0');
INSERT INTO `irp_user_emailcode` VALUES ('13', '34341', '2017-12-13 15:36:32', 'asda@aq.vom', '127.0.0.1', '1');
INSERT INTO `irp_user_emailcode` VALUES ('14', '69991', '2017-12-20 18:59:13', '764929841@qq.com', '127.0.0.1', '0');
INSERT INTO `irp_user_emailcode` VALUES ('15', '50417', '2018-03-12 14:13:23', '764929841@qq.com', '127.0.0.1', '1');
INSERT INTO `irp_user_emailcode` VALUES ('16', '78268', '2018-03-12 14:18:48', '764929841@qq.com', '127.0.0.1', '1');
INSERT INTO `irp_user_emailcode` VALUES ('17', '39795', '2018-03-12 14:21:17', '764929841@qq.com', '127.0.0.1', '1');
INSERT INTO `irp_user_emailcode` VALUES ('18', '93690', '2018-03-12 14:23:06', '764929841@qq.com', '127.0.0.1', '1');
INSERT INTO `irp_user_emailcode` VALUES ('19', '82059', '2018-03-12 14:24:49', '764929841@qq.com', '127.0.0.1', '1');
INSERT INTO `irp_user_emailcode` VALUES ('20', '07927', '2018-03-12 14:30:18', '764929841@qq.com', '127.0.0.1', '1');
INSERT INTO `irp_user_emailcode` VALUES ('21', '49151', '2018-03-12 14:41:58', '764929841@qq.com', '127.0.0.1', '1');
INSERT INTO `irp_user_emailcode` VALUES ('22', '10262', '2018-03-12 14:43:09', '764929841@qq.com', '127.0.0.1', '1');
INSERT INTO `irp_user_emailcode` VALUES ('23', '94635', '2018-03-12 14:45:21', '764929841@qq.com', '127.0.0.1', '1');
INSERT INTO `irp_user_emailcode` VALUES ('24', '22374', '2018-03-12 14:46:37', '764929841@qq.com', '127.0.0.1', '1');
INSERT INTO `irp_user_emailcode` VALUES ('25', '07873', '2018-03-12 14:47:54', '764929841@qq.com', '127.0.0.1', '1');
INSERT INTO `irp_user_emailcode` VALUES ('26', '64897', '2018-03-12 14:50:05', '764929841@qq.com', '127.0.0.1', '1');
INSERT INTO `irp_user_emailcode` VALUES ('27', '43252', '2018-03-19 13:12:07', '764929841@qq.com', '127.0.0.1', '1');
INSERT INTO `irp_user_emailcode` VALUES ('28', '97281', '2018-03-19 13:23:25', '764929841@qq.com', '127.0.0.1', '1');
INSERT INTO `irp_user_emailcode` VALUES ('29', '92603', '2018-03-19 13:44:09', '764929841@qq.com', '127.0.0.1', '1');
INSERT INTO `irp_user_emailcode` VALUES ('30', '75340', '2018-03-19 14:01:21', '764929841@qq.com', '127.0.0.1', '1');
INSERT INTO `irp_user_emailcode` VALUES ('31', '42791', '2018-03-19 14:30:00', '764929841@qq.com', '127.0.0.1', '1');
INSERT INTO `irp_user_emailcode` VALUES ('32', '06350', '2018-03-19 14:58:46', '764929841@qq.com', '127.0.0.1', '1');
INSERT INTO `irp_user_emailcode` VALUES ('33', '06352', '2018-05-10 18:54:28', '23123213@qq.com', '127.0.0.1', '1');
INSERT INTO `irp_user_emailcode` VALUES ('34', '06351', '2018-05-10 18:54:31', '764929841@qq.com', '127.0.0.1', '1');
INSERT INTO `irp_user_emailcode` VALUES ('35', '52423', '2018-05-10 18:54:34', '764929841@qq.com', '127.0.0.1', '1');
INSERT INTO `irp_user_emailcode` VALUES ('36', '57342', '2018-05-10 18:54:39', '764929841@qq.com', '127.0.0.1', '0');
INSERT INTO `irp_user_emailcode` VALUES ('37', '23562', '2018-05-10 18:54:42', '764929841@qq.com', '127.0.0.1', '0');
INSERT INTO `irp_user_emailcode` VALUES ('38', '45737', '2018-05-10 18:54:45', '764929841@qq.com', '127.0.0.1', '0');
INSERT INTO `irp_user_emailcode` VALUES ('39', '46782', '2018-05-10 18:54:48', '764929841@qq.com', '127.0.0.1', '0');
INSERT INTO `irp_user_emailcode` VALUES ('40', '36874', '2018-05-10 18:54:51', '764929841@qq.com', '127.0.0.1', '1');
INSERT INTO `irp_user_emailcode` VALUES ('41', '67512', '2018-05-10 18:54:57', '764929841@qq.com', '127.0.0.1', '1');
INSERT INTO `irp_user_emailcode` VALUES ('42', '58446', '2018-05-10 18:55:00', '764929841@qq.com', '127.0.0.1', '1');
INSERT INTO `irp_user_emailcode` VALUES ('43', '45555', '2018-05-10 18:55:03', '764929841@qq.com', '127.0.0.1', '1');
INSERT INTO `irp_user_emailcode` VALUES ('44', '55413', '2018-05-10 18:55:07', '764929841@qq.com', '127.0.0.1', '1');
INSERT INTO `irp_user_emailcode` VALUES ('45', '45343', '2018-05-10 18:55:09', '764929841@qq.com', '127.0.0.1', '1');
INSERT INTO `irp_user_emailcode` VALUES ('46', '23433', '2018-05-10 18:55:12', '764929841@qq.com', '127.0.0.1', '1');
INSERT INTO `irp_user_emailcode` VALUES ('47', '34623', '2018-05-10 18:55:15', '764929841@qq.com', '127.0.0.1', '1');
INSERT INTO `irp_user_emailcode` VALUES ('48', '34345', '2018-05-10 18:55:18', '764929841@qq.com', '127.0.0.1', '1');
INSERT INTO `irp_user_emailcode` VALUES ('49', '34234', '2018-05-10 18:55:19', '764929841@qq.com', '127.0.0.1', '1');
INSERT INTO `irp_user_emailcode` VALUES ('50', '97543', '2018-05-13 18:56:28', '234340909@qq.com', '127.0.0.1', '1');
INSERT INTO `irp_user_emailcode` VALUES ('51', '83564', '2018-05-13 18:56:34', '234340909@qq.com', '127.0.0.1', '1');
INSERT INTO `irp_user_emailcode` VALUES ('52', '78943', '2018-05-13 18:56:39', '234340909@qq.com', '127.0.0.1', '1');
INSERT INTO `irp_user_emailcode` VALUES ('53', '78356', '2018-05-13 18:56:44', '234340909@qq.com', '127.0.0.1', '0');
INSERT INTO `irp_user_emailcode` VALUES ('54', '67435', '2018-05-13 18:56:49', '234340909@qq.com', '127.0.0.1', '1');
INSERT INTO `irp_user_emailcode` VALUES ('55', '35849', '2018-05-13 18:59:49', '313523@qq.com', '127.0.0.1', '1');

-- ----------------------------
-- Table structure for irp_user_news
-- ----------------------------
DROP TABLE IF EXISTS `irp_user_news`;
CREATE TABLE `irp_user_news` (
  `uid` int(11) NOT NULL AUTO_INCREMENT,
  `news_id` int(11) DEFAULT NULL,
  `user_id` int(11) DEFAULT NULL,
  `status` int(11) DEFAULT NULL,
  PRIMARY KEY (`uid`),
  KEY `news_id` (`news_id`),
  KEY `user_news` (`user_id`),
  CONSTRAINT `news_id` FOREIGN KEY (`news_id`) REFERENCES `irp_news` (`uid`) ON DELETE CASCADE ON UPDATE CASCADE,
  CONSTRAINT `user_news` FOREIGN KEY (`user_id`) REFERENCES `irp_user` (`uid`) ON DELETE CASCADE ON UPDATE CASCADE
) ENGINE=InnoDB AUTO_INCREMENT=100 DEFAULT CHARSET=utf8;

-- ----------------------------
-- Records of irp_user_news
-- ----------------------------
INSERT INTO `irp_user_news` VALUES ('2', '19', '8', '0');
INSERT INTO `irp_user_news` VALUES ('3', '19', '9', '0');
INSERT INTO `irp_user_news` VALUES ('4', '19', '14', '0');
INSERT INTO `irp_user_news` VALUES ('5', '19', '15', '0');
INSERT INTO `irp_user_news` VALUES ('6', '19', '16', '0');
INSERT INTO `irp_user_news` VALUES ('7', '19', '18', '0');
INSERT INTO `irp_user_news` VALUES ('8', '19', '19', '0');
INSERT INTO `irp_user_news` VALUES ('9', '19', '20', '0');
INSERT INTO `irp_user_news` VALUES ('10', '19', '21', '0');
INSERT INTO `irp_user_news` VALUES ('11', '19', '23', '0');
INSERT INTO `irp_user_news` VALUES ('26', '22', '8', '0');
INSERT INTO `irp_user_news` VALUES ('61', '57', '9', '0');
INSERT INTO `irp_user_news` VALUES ('62', '58', '9', '0');
INSERT INTO `irp_user_news` VALUES ('63', '59', '9', '0');
INSERT INTO `irp_user_news` VALUES ('64', '60', '8', '0');
INSERT INTO `irp_user_news` VALUES ('65', '61', '8', '0');
INSERT INTO `irp_user_news` VALUES ('66', '62', '8', '0');
INSERT INTO `irp_user_news` VALUES ('67', '63', '8', '0');
INSERT INTO `irp_user_news` VALUES ('68', '64', '9', '0');
INSERT INTO `irp_user_news` VALUES ('70', '66', '24', '1');
INSERT INTO `irp_user_news` VALUES ('71', '67', '24', '0');
INSERT INTO `irp_user_news` VALUES ('72', '68', '24', '0');
INSERT INTO `irp_user_news` VALUES ('73', '69', '24', '0');
INSERT INTO `irp_user_news` VALUES ('74', '70', '24', '0');
INSERT INTO `irp_user_news` VALUES ('75', '72', '24', '1');
INSERT INTO `irp_user_news` VALUES ('76', '71', '24', '0');
INSERT INTO `irp_user_news` VALUES ('77', '73', '24', '1');
INSERT INTO `irp_user_news` VALUES ('78', '74', '24', '1');
INSERT INTO `irp_user_news` VALUES ('79', '75', '24', '1');
INSERT INTO `irp_user_news` VALUES ('80', '76', '24', '1');
INSERT INTO `irp_user_news` VALUES ('81', '77', '24', '1');
INSERT INTO `irp_user_news` VALUES ('82', '78', '24', '0');
INSERT INTO `irp_user_news` VALUES ('83', '79', '24', '1');
INSERT INTO `irp_user_news` VALUES ('84', '80', '24', '1');
INSERT INTO `irp_user_news` VALUES ('85', '81', '9', '0');
INSERT INTO `irp_user_news` VALUES ('86', '82', '9', '0');
INSERT INTO `irp_user_news` VALUES ('87', '83', '24', '1');
INSERT INTO `irp_user_news` VALUES ('88', '84', '24', '0');
INSERT INTO `irp_user_news` VALUES ('89', '85', '9', '0');
INSERT INTO `irp_user_news` VALUES ('90', '86', '9', '0');
INSERT INTO `irp_user_news` VALUES ('91', '87', '14', '0');
INSERT INTO `irp_user_news` VALUES ('92', '88', '14', '0');
INSERT INTO `irp_user_news` VALUES ('93', '89', '14', '0');
INSERT INTO `irp_user_news` VALUES ('94', '90', '18', '0');
INSERT INTO `irp_user_news` VALUES ('95', '91', '18', '0');
INSERT INTO `irp_user_news` VALUES ('96', '92', '18', '0');
INSERT INTO `irp_user_news` VALUES ('97', '93', '26', '0');
INSERT INTO `irp_user_news` VALUES ('98', '94', '26', '0');
INSERT INTO `irp_user_news` VALUES ('99', '95', '26', '0');

-- ----------------------------
-- Table structure for irp_visit
-- ----------------------------
DROP TABLE IF EXISTS `irp_visit`;
CREATE TABLE `irp_visit` (
  `uid` int(11) NOT NULL AUTO_INCREMENT,
  `url` varchar(255) DEFAULT NULL,
  `time` datetime DEFAULT NULL,
  `user_id` int(11) DEFAULT NULL,
  PRIMARY KEY (`uid`)
) ENGINE=InnoDB AUTO_INCREMENT=1027 DEFAULT CHARSET=utf8;

-- ----------------------------
-- Records of irp_visit
-- ----------------------------
INSERT INTO `irp_visit` VALUES ('50', '/user/interface/example/text', '2018-03-17 16:53:52', '24');
INSERT INTO `irp_visit` VALUES ('51', '/user/interface/example/qrcode', '2018-03-17 16:54:03', '24');
INSERT INTO `irp_visit` VALUES ('52', '/user/interface/example/text', '2018-03-17 16:54:05', '24');
INSERT INTO `irp_visit` VALUES ('53', '/user/interface/example/color_video', '2018-03-17 16:54:06', '24');
INSERT INTO `irp_visit` VALUES ('54', '/user/interface/example/color_pic', '2018-03-17 16:54:09', '24');
INSERT INTO `irp_visit` VALUES ('55', '/user/interface/example/face_video', '2018-03-17 16:54:11', '24');
INSERT INTO `irp_visit` VALUES ('56', '/user/interface/example/face_pic', '2018-03-17 16:54:13', '24');
INSERT INTO `irp_visit` VALUES ('57', '/user/interface/example/fast', '2018-03-17 16:54:15', '24');
INSERT INTO `irp_visit` VALUES ('58', '/user/interface/example/fast_video', '2018-03-17 16:54:18', '24');
INSERT INTO `irp_visit` VALUES ('59', '/user/interface/example/fast_video', '2018-03-17 16:54:26', '24');
INSERT INTO `irp_visit` VALUES ('60', '/index.html', '2018-03-17 16:54:27', '24');
INSERT INTO `irp_visit` VALUES ('61', '/user/index', '2018-03-17 16:57:03', '24');
INSERT INTO `irp_visit` VALUES ('62', '/index.html', '2018-03-17 17:02:31', '24');
INSERT INTO `irp_visit` VALUES ('63', '/user/index', '2018-03-17 17:24:47', '24');
INSERT INTO `irp_visit` VALUES ('64', '/login.html', '2018-03-17 19:42:14', '24');
INSERT INTO `irp_visit` VALUES ('65', '/login.html', '2018-03-17 19:42:19', '24');
INSERT INTO `irp_visit` VALUES ('66', '/login.html', '2018-03-17 19:43:53', '24');
INSERT INTO `irp_visit` VALUES ('67', '', '2018-03-17 19:57:57', '24');
INSERT INTO `irp_visit` VALUES ('68', '/user/index', '2018-03-17 19:57:59', '24');
INSERT INTO `irp_visit` VALUES ('69', '/user/index', '2018-03-17 19:59:09', '24');
INSERT INTO `irp_visit` VALUES ('70', '/user/index', '2018-03-17 19:59:12', '24');
INSERT INTO `irp_visit` VALUES ('71', '/user/index', '2018-03-17 19:59:12', '24');
INSERT INTO `irp_visit` VALUES ('72', '/user/index', '2018-03-17 19:59:24', '24');
INSERT INTO `irp_visit` VALUES ('73', '/user/index', '2018-03-17 19:59:25', '24');
INSERT INTO `irp_visit` VALUES ('74', '/user/introduce_file', '2018-03-17 20:07:18', '24');
INSERT INTO `irp_visit` VALUES ('75', '/user/interface/scenario', '2018-03-17 20:07:20', '24');
INSERT INTO `irp_visit` VALUES ('76', '/index.html', '2018-03-17 20:07:45', '24');
INSERT INTO `irp_visit` VALUES ('77', '', '2018-03-18 12:18:47', '24');
INSERT INTO `irp_visit` VALUES ('78', '/user/interface/example/face_video', '2018-03-18 12:18:54', '24');
INSERT INTO `irp_visit` VALUES ('79', '/user/interface/example/face_pic', '2018-03-18 12:19:05', '24');
INSERT INTO `irp_visit` VALUES ('80', '/user/interface/example/face_video', '2018-03-18 12:19:11', '24');
INSERT INTO `irp_visit` VALUES ('81', '/user/interface/example/color_video', '2018-03-18 12:19:14', '24');
INSERT INTO `irp_visit` VALUES ('82', '/user/interface/example/color_video', '2018-03-18 12:20:00', '24');
INSERT INTO `irp_visit` VALUES ('83', '/user/interface/example/color_video', '2018-03-18 12:20:09', '24');
INSERT INTO `irp_visit` VALUES ('84', '/user/interface/scenario', '2018-03-18 12:20:12', '24');
INSERT INTO `irp_visit` VALUES ('85', '/user/interface/scenario', '2018-03-18 12:29:54', '24');
INSERT INTO `irp_visit` VALUES ('86', '/user/interface/scenario', '2018-03-18 12:30:28', '24');
INSERT INTO `irp_visit` VALUES ('87', '/user/interface/scenario', '2018-03-18 12:30:29', '24');
INSERT INTO `irp_visit` VALUES ('88', '/user/interface/scenario', '2018-03-18 12:30:30', '24');
INSERT INTO `irp_visit` VALUES ('89', '/user/interface/scenario', '2018-03-18 12:43:10', '24');
INSERT INTO `irp_visit` VALUES ('90', '/user/interface/scenario', '2018-03-18 12:43:12', '24');
INSERT INTO `irp_visit` VALUES ('91', '/user/interface/scenario', '2018-03-18 12:46:35', '24');
INSERT INTO `irp_visit` VALUES ('92', '/user/interface/scenario', '2018-03-18 12:46:37', '24');
INSERT INTO `irp_visit` VALUES ('93', '/user/interface/scenario', '2018-03-18 12:46:38', '24');
INSERT INTO `irp_visit` VALUES ('94', '/user/interface/scenario', '2018-03-18 12:46:38', '24');
INSERT INTO `irp_visit` VALUES ('95', '/user/interface/scenario', '2018-03-18 12:47:32', '24');
INSERT INTO `irp_visit` VALUES ('96', '/user/interface/scenario', '2018-03-18 12:47:32', '24');
INSERT INTO `irp_visit` VALUES ('97', '/user/interface/scenario', '2018-03-18 12:47:33', '24');
INSERT INTO `irp_visit` VALUES ('98', '/user/index', '2018-03-18 12:47:44', '24');
INSERT INTO `irp_visit` VALUES ('99', '/user/interface/scenario', '2018-03-18 12:47:51', '24');
INSERT INTO `irp_visit` VALUES ('100', '/user/interface/scenario', '2018-03-18 12:47:54', '24');
INSERT INTO `irp_visit` VALUES ('101', '/user/interface/scenario', '2018-03-18 12:48:00', '24');
INSERT INTO `irp_visit` VALUES ('102', '/user/interface/scenario', '2018-03-18 12:48:09', '24');
INSERT INTO `irp_visit` VALUES ('103', '/user/introduce_file', '2018-03-18 12:48:19', '24');
INSERT INTO `irp_visit` VALUES ('104', '/user/index', '2018-03-18 12:48:34', '24');
INSERT INTO `irp_visit` VALUES ('105', '/user/interface/submit', '2018-03-18 12:51:47', '24');
INSERT INTO `irp_visit` VALUES ('106', '/user/interface/key', '2018-03-18 12:51:49', '24');
INSERT INTO `irp_visit` VALUES ('107', '/user/interface/log', '2018-03-18 12:51:51', '24');
INSERT INTO `irp_visit` VALUES ('108', '/user/interface/log', '2018-03-18 12:54:59', '24');
INSERT INTO `irp_visit` VALUES ('109', '/user/interface/log', '2018-03-18 12:55:04', '24');
INSERT INTO `irp_visit` VALUES ('110', '/user/interface/log', '2018-03-18 12:55:39', '24');
INSERT INTO `irp_visit` VALUES ('111', '/user/interface/log', '2018-03-18 12:56:08', '24');
INSERT INTO `irp_visit` VALUES ('112', '/user/interface/log', '2018-03-18 12:58:16', '24');
INSERT INTO `irp_visit` VALUES ('113', '/user/interface/log', '2018-03-18 12:58:33', '24');
INSERT INTO `irp_visit` VALUES ('114', '/user/interface/log', '2018-03-18 12:58:36', '24');
INSERT INTO `irp_visit` VALUES ('115', '/user/interface/log', '2018-03-18 12:59:03', '24');
INSERT INTO `irp_visit` VALUES ('116', '/user/interface/log', '2018-03-18 12:59:04', '24');
INSERT INTO `irp_visit` VALUES ('117', '/user/interface/log', '2018-03-18 12:59:16', '24');
INSERT INTO `irp_visit` VALUES ('118', '/user/interface/log', '2018-03-18 12:59:32', '24');
INSERT INTO `irp_visit` VALUES ('119', '/user/interface/log', '2018-03-18 12:59:50', '24');
INSERT INTO `irp_visit` VALUES ('120', '/user/interface/log', '2018-03-18 13:16:09', '24');
INSERT INTO `irp_visit` VALUES ('121', '/user/interface/log', '2018-03-18 13:16:23', '24');
INSERT INTO `irp_visit` VALUES ('122', '/user/interface/log', '2018-03-18 13:16:24', '24');
INSERT INTO `irp_visit` VALUES ('123', '/index.html', '2018-03-18 13:21:09', '24');
INSERT INTO `irp_visit` VALUES ('124', '/user/index', '2018-03-18 13:21:27', '24');
INSERT INTO `irp_visit` VALUES ('125', '/user/interface/submit', '2018-03-18 13:21:32', '24');
INSERT INTO `irp_visit` VALUES ('126', '/user/interface/example/text', '2018-03-18 13:21:34', '24');
INSERT INTO `irp_visit` VALUES ('127', '/user/introduce_file', '2018-03-18 13:21:37', '24');
INSERT INTO `irp_visit` VALUES ('128', '', '2018-03-18 20:06:30', '24');
INSERT INTO `irp_visit` VALUES ('129', '/user/index', '2018-03-18 20:06:37', '24');
INSERT INTO `irp_visit` VALUES ('130', '/user/interface/example/qrcode', '2018-03-18 20:06:47', '24');
INSERT INTO `irp_visit` VALUES ('131', '/index.html', '2018-03-18 20:30:24', '24');
INSERT INTO `irp_visit` VALUES ('132', '/user/index', '2018-03-18 20:32:58', '24');
INSERT INTO `irp_visit` VALUES ('133', '', '2018-03-19 10:29:27', '24');
INSERT INTO `irp_visit` VALUES ('134', '', '2018-03-19 10:55:08', '24');
INSERT INTO `irp_visit` VALUES ('135', '/user/index', '2018-03-19 10:55:10', '24');
INSERT INTO `irp_visit` VALUES ('136', '/user/interface/submit', '2018-03-19 10:55:19', '24');
INSERT INTO `irp_visit` VALUES ('137', '/user.html', '2018-03-19 11:00:17', '24');
INSERT INTO `irp_visit` VALUES ('138', '/user/interface/submit', '2018-03-19 11:00:23', '24');
INSERT INTO `irp_visit` VALUES ('139', '/user/interface/submit', '2018-03-19 11:00:24', '24');
INSERT INTO `irp_visit` VALUES ('140', '', '2018-03-19 11:00:45', '24');
INSERT INTO `irp_visit` VALUES ('141', '/user.html', '2018-03-19 11:02:21', '24');
INSERT INTO `irp_visit` VALUES ('142', '/user.html', '2018-03-19 11:02:24', '24');
INSERT INTO `irp_visit` VALUES ('143', '', '2018-03-19 11:04:01', '24');
INSERT INTO `irp_visit` VALUES ('144', '', '2018-03-19 11:04:07', '24');
INSERT INTO `irp_visit` VALUES ('145', '/index.html', '2018-03-19 11:04:55', '24');
INSERT INTO `irp_visit` VALUES ('146', '/user/index', '2018-03-19 11:11:18', '24');
INSERT INTO `irp_visit` VALUES ('147', '/index.html', '2018-03-19 11:12:45', '24');
INSERT INTO `irp_visit` VALUES ('148', '/user/index', '2018-03-19 11:13:01', '24');
INSERT INTO `irp_visit` VALUES ('149', '/index.html', '2018-03-19 11:13:03', '24');
INSERT INTO `irp_visit` VALUES ('150', '/user/index', '2018-03-19 11:13:41', '24');
INSERT INTO `irp_visit` VALUES ('151', '/user/interface/log', '2018-03-19 11:15:24', '24');
INSERT INTO `irp_visit` VALUES ('152', '/index.html', '2018-03-19 11:52:01', '24');
INSERT INTO `irp_visit` VALUES ('153', '/index.html', '2018-03-19 11:53:50', '24');
INSERT INTO `irp_visit` VALUES ('154', '/index.html', '2018-03-19 11:57:23', '24');
INSERT INTO `irp_visit` VALUES ('155', '/index.html', '2018-03-19 11:57:37', '24');
INSERT INTO `irp_visit` VALUES ('156', '/index.html', '2018-03-19 11:59:07', '24');
INSERT INTO `irp_visit` VALUES ('157', '', '2018-03-19 12:50:23', '24');
INSERT INTO `irp_visit` VALUES ('158', '/user/index', '2018-03-19 12:50:26', '24');
INSERT INTO `irp_visit` VALUES ('159', '/login', '2018-03-19 12:50:32', '0');
INSERT INTO `irp_visit` VALUES ('160', '/login', '2018-03-19 12:50:44', '0');
INSERT INTO `irp_visit` VALUES ('161', '/login', '2018-03-19 13:11:28', '0');
INSERT INTO `irp_visit` VALUES ('162', '/register.html', '2018-03-19 13:11:44', '0');
INSERT INTO `irp_visit` VALUES ('163', '/login.html', '2018-03-19 13:13:10', '0');
INSERT INTO `irp_visit` VALUES ('164', '', '2018-03-19 13:13:19', '24');
INSERT INTO `irp_visit` VALUES ('165', '/user/index', '2018-03-19 13:13:28', '24');
INSERT INTO `irp_visit` VALUES ('166', '/user/interface/submit', '2018-03-19 13:13:36', '24');
INSERT INTO `irp_visit` VALUES ('167', '/user/interface/example/qrcode', '2018-03-19 13:13:38', '24');
INSERT INTO `irp_visit` VALUES ('168', '/user/interface/key', '2018-03-19 13:13:41', '24');
INSERT INTO `irp_visit` VALUES ('169', '/user/interface/log', '2018-03-19 13:13:44', '24');
INSERT INTO `irp_visit` VALUES ('170', '/user/interface/count', '2018-03-19 13:13:45', '24');
INSERT INTO `irp_visit` VALUES ('171', '/user/avatar/edit', '2018-03-19 13:13:48', '24');
INSERT INTO `irp_visit` VALUES ('172', '/login', '2018-03-19 13:13:55', '0');
INSERT INTO `irp_visit` VALUES ('173', '/register.html', '2018-03-19 13:23:10', '0');
INSERT INTO `irp_visit` VALUES ('174', '/login.html', '2018-03-19 13:23:38', '0');
INSERT INTO `irp_visit` VALUES ('175', '', '2018-03-19 13:23:54', '24');
INSERT INTO `irp_visit` VALUES ('176', '/user/index', '2018-03-19 13:23:58', '24');
INSERT INTO `irp_visit` VALUES ('177', '/index.html', '2018-03-19 13:24:05', '24');
INSERT INTO `irp_visit` VALUES ('178', '/user/index', '2018-03-19 13:24:25', '24');
INSERT INTO `irp_visit` VALUES ('179', '/user/interface/submit', '2018-03-19 13:24:32', '24');
INSERT INTO `irp_visit` VALUES ('180', '/user/interface/submit', '2018-03-19 13:24:42', '24');
INSERT INTO `irp_visit` VALUES ('181', '/user/interface/key', '2018-03-19 13:24:43', '24');
INSERT INTO `irp_visit` VALUES ('182', '/user/interface/count', '2018-03-19 13:24:47', '24');
INSERT INTO `irp_visit` VALUES ('183', '/user/interface/log', '2018-03-19 13:24:57', '24');
INSERT INTO `irp_visit` VALUES ('184', '/user/interface/example/qrcode', '2018-03-19 13:25:49', '24');
INSERT INTO `irp_visit` VALUES ('185', '/user/interface/example/face_video', '2018-03-19 13:25:56', '24');
INSERT INTO `irp_visit` VALUES ('186', '/user/interface/example/face_pic', '2018-03-19 13:26:07', '24');
INSERT INTO `irp_visit` VALUES ('187', '/user/interface/example/color_video', '2018-03-19 13:26:15', '24');
INSERT INTO `irp_visit` VALUES ('188', '/user/interface/example/color_pic', '2018-03-19 13:26:39', '24');
INSERT INTO `irp_visit` VALUES ('189', '/user/interface/example/fast', '2018-03-19 13:26:46', '24');
INSERT INTO `irp_visit` VALUES ('190', '/user/interface/example/fast_video', '2018-03-19 13:26:51', '24');
INSERT INTO `irp_visit` VALUES ('191', '/user/interface/example/text', '2018-03-19 13:27:00', '24');
INSERT INTO `irp_visit` VALUES ('192', '/user/interface/scenario', '2018-03-19 13:27:51', '24');
INSERT INTO `irp_visit` VALUES ('193', '/user/introduce_file', '2018-03-19 13:28:06', '24');
INSERT INTO `irp_visit` VALUES ('194', '/user/avatar/edit', '2018-03-19 13:28:19', '24');
INSERT INTO `irp_visit` VALUES ('195', '/user/avatar/edit', '2018-03-19 13:28:32', '24');
INSERT INTO `irp_visit` VALUES ('196', '/user/avatar/edit', '2018-03-19 13:28:50', '24');
INSERT INTO `irp_visit` VALUES ('197', '/user/info/edit', '2018-03-19 13:28:53', '24');
INSERT INTO `irp_visit` VALUES ('198', '/user/info/edit', '2018-03-19 13:29:12', '24');
INSERT INTO `irp_visit` VALUES ('199', '/user/info/edit', '2018-03-19 13:29:17', '24');
INSERT INTO `irp_visit` VALUES ('200', '/user/password/edit', '2018-03-19 13:29:20', '24');
INSERT INTO `irp_visit` VALUES ('201', '/user/news', '2018-03-19 13:29:24', '24');
INSERT INTO `irp_visit` VALUES ('202', '/user/news', '2018-03-19 13:29:34', '24');
INSERT INTO `irp_visit` VALUES ('203', '/user/interface/log', '2018-03-19 13:29:41', '24');
INSERT INTO `irp_visit` VALUES ('204', '/login', '2018-03-19 13:29:50', '0');
INSERT INTO `irp_visit` VALUES ('205', '/fpwd.html', '2018-03-19 13:29:53', '0');
INSERT INTO `irp_visit` VALUES ('206', '', '2018-03-19 13:34:42', '0');
INSERT INTO `irp_visit` VALUES ('207', '/login', '2018-03-19 13:34:47', '0');
INSERT INTO `irp_visit` VALUES ('208', '', '2018-03-19 13:35:00', '24');
INSERT INTO `irp_visit` VALUES ('209', '/user/index', '2018-03-19 13:35:05', '24');
INSERT INTO `irp_visit` VALUES ('210', '/user/interface/submit', '2018-03-19 13:35:15', '24');
INSERT INTO `irp_visit` VALUES ('211', '/user/interface/log', '2018-03-19 13:35:23', '24');
INSERT INTO `irp_visit` VALUES ('212', '/login', '2018-03-19 13:43:29', '0');
INSERT INTO `irp_visit` VALUES ('213', '/register.html', '2018-03-19 13:43:58', '0');
INSERT INTO `irp_visit` VALUES ('214', '/login', '2018-03-19 13:54:04', '0');
INSERT INTO `irp_visit` VALUES ('215', '/register.html', '2018-03-19 14:01:06', '0');
INSERT INTO `irp_visit` VALUES ('216', '/login.html', '2018-03-19 14:01:42', '0');
INSERT INTO `irp_visit` VALUES ('217', '', '2018-03-19 14:01:54', '24');
INSERT INTO `irp_visit` VALUES ('218', '/user/index', '2018-03-19 14:02:28', '24');
INSERT INTO `irp_visit` VALUES ('219', '/user/interface/submit', '2018-03-19 14:02:42', '24');
INSERT INTO `irp_visit` VALUES ('220', '/user/interface/submit', '2018-03-19 14:02:49', '24');
INSERT INTO `irp_visit` VALUES ('221', '/user/interface/key', '2018-03-19 14:02:51', '24');
INSERT INTO `irp_visit` VALUES ('222', '/user/interface/count', '2018-03-19 14:02:55', '24');
INSERT INTO `irp_visit` VALUES ('223', '/user/interface/log', '2018-03-19 14:03:06', '24');
INSERT INTO `irp_visit` VALUES ('224', '/user/interface/example/qrcode', '2018-03-19 14:04:49', '24');
INSERT INTO `irp_visit` VALUES ('225', '/user/interface/example/qrcode', '2018-03-19 14:05:20', '24');
INSERT INTO `irp_visit` VALUES ('226', '/user/interface/example/qrcode', '2018-03-19 14:05:21', '24');
INSERT INTO `irp_visit` VALUES ('227', '/user/interface/example/qrcode', '2018-03-19 14:05:22', '24');
INSERT INTO `irp_visit` VALUES ('228', '/user/interface/example/qrcode', '2018-03-19 14:05:24', '24');
INSERT INTO `irp_visit` VALUES ('229', '/user/interface/example/qrcode', '2018-03-19 14:05:25', '24');
INSERT INTO `irp_visit` VALUES ('230', '/user/interface/example/qrcode', '2018-03-19 14:05:26', '24');
INSERT INTO `irp_visit` VALUES ('231', '/user/interface/example/qrcode', '2018-03-19 14:05:27', '24');
INSERT INTO `irp_visit` VALUES ('232', '/user/interface/example/qrcode', '2018-03-19 14:08:01', '24');
INSERT INTO `irp_visit` VALUES ('233', '/user/interface/example/qrcode', '2018-03-19 14:08:02', '24');
INSERT INTO `irp_visit` VALUES ('234', '', '2018-03-19 14:28:52', '24');
INSERT INTO `irp_visit` VALUES ('235', '/user/index', '2018-03-19 14:29:38', '24');
INSERT INTO `irp_visit` VALUES ('236', '/login', '2018-03-19 14:29:44', '0');
INSERT INTO `irp_visit` VALUES ('237', '/register.html', '2018-03-19 14:29:46', '0');
INSERT INTO `irp_visit` VALUES ('238', '/login.html', '2018-03-19 14:30:21', '0');
INSERT INTO `irp_visit` VALUES ('239', '', '2018-03-19 14:30:33', '24');
INSERT INTO `irp_visit` VALUES ('240', '/user/index', '2018-03-19 14:30:40', '24');
INSERT INTO `irp_visit` VALUES ('241', '/user/interface/submit', '2018-03-19 14:31:00', '24');
INSERT INTO `irp_visit` VALUES ('242', '/user/interface/submit', '2018-03-19 14:31:07', '24');
INSERT INTO `irp_visit` VALUES ('243', '/user/interface/key', '2018-03-19 14:31:11', '24');
INSERT INTO `irp_visit` VALUES ('244', '/user/interface/count', '2018-03-19 14:31:14', '24');
INSERT INTO `irp_visit` VALUES ('245', '/user/interface/log', '2018-03-19 14:31:23', '24');
INSERT INTO `irp_visit` VALUES ('246', '/user/interface/example/qrcode', '2018-03-19 14:32:38', '24');
INSERT INTO `irp_visit` VALUES ('247', '/user/interface/example/face_video', '2018-03-19 14:32:53', '24');
INSERT INTO `irp_visit` VALUES ('248', '/user/interface/example/face_pic', '2018-03-19 14:33:08', '24');
INSERT INTO `irp_visit` VALUES ('249', '/user/interface/example/color_video', '2018-03-19 14:33:20', '24');
INSERT INTO `irp_visit` VALUES ('250', '/user/interface/example/color_pic', '2018-03-19 14:33:49', '24');
INSERT INTO `irp_visit` VALUES ('251', '/user/interface/example/fast', '2018-03-19 14:33:58', '24');
INSERT INTO `irp_visit` VALUES ('252', '/user/interface/example/fast_video', '2018-03-19 14:34:09', '24');
INSERT INTO `irp_visit` VALUES ('253', '/user/interface/example/text', '2018-03-19 14:34:24', '24');
INSERT INTO `irp_visit` VALUES ('254', '/user/interface/scenario', '2018-03-19 14:35:08', '24');
INSERT INTO `irp_visit` VALUES ('255', '/user/introduce_file', '2018-03-19 14:35:19', '24');
INSERT INTO `irp_visit` VALUES ('256', '/user/avatar/edit', '2018-03-19 14:35:36', '24');
INSERT INTO `irp_visit` VALUES ('257', '/user/avatar/edit', '2018-03-19 14:36:09', '24');
INSERT INTO `irp_visit` VALUES ('258', '/user/info/edit', '2018-03-19 14:36:14', '24');
INSERT INTO `irp_visit` VALUES ('259', '/user/info/edit', '2018-03-19 14:36:39', '24');
INSERT INTO `irp_visit` VALUES ('260', '/user/password/edit', '2018-03-19 14:36:43', '24');
INSERT INTO `irp_visit` VALUES ('261', '/user/news', '2018-03-19 14:36:45', '24');
INSERT INTO `irp_visit` VALUES ('262', '/user/logininfo', '2018-03-19 14:36:54', '24');
INSERT INTO `irp_visit` VALUES ('263', '/user/interface/log', '2018-03-19 14:37:07', '24');
INSERT INTO `irp_visit` VALUES ('264', '/login', '2018-03-19 14:37:14', '0');
INSERT INTO `irp_visit` VALUES ('265', '/fpwd.html', '2018-03-19 14:37:16', '0');
INSERT INTO `irp_visit` VALUES ('266', '', '2018-03-19 14:42:17', '0');
INSERT INTO `irp_visit` VALUES ('267', '/login', '2018-03-19 14:42:28', '0');
INSERT INTO `irp_visit` VALUES ('268', '', '2018-03-19 14:42:42', '24');
INSERT INTO `irp_visit` VALUES ('269', '/user/index', '2018-03-19 14:42:47', '24');
INSERT INTO `irp_visit` VALUES ('270', '/user/interface/log', '2018-03-19 14:42:53', '24');
INSERT INTO `irp_visit` VALUES ('271', '/user/interface/example/text', '2018-03-19 14:43:07', '24');
INSERT INTO `irp_visit` VALUES ('272', '/user/interface/example/face_video', '2018-03-19 14:43:18', '24');
INSERT INTO `irp_visit` VALUES ('273', '/user/interface/example/face_pic', '2018-03-19 14:43:25', '24');
INSERT INTO `irp_visit` VALUES ('274', '/index.html', '2018-03-19 14:43:34', '24');
INSERT INTO `irp_visit` VALUES ('275', '/index.html', '2018-03-19 14:58:13', '24');
INSERT INTO `irp_visit` VALUES ('276', '/user/index', '2018-03-19 14:58:17', '24');
INSERT INTO `irp_visit` VALUES ('277', '/login', '2018-03-19 14:58:23', '0');
INSERT INTO `irp_visit` VALUES ('278', '/register.html', '2018-03-19 14:58:26', '0');
INSERT INTO `irp_visit` VALUES ('279', '/login.html', '2018-03-19 14:58:27', '0');
INSERT INTO `irp_visit` VALUES ('280', '/register.html', '2018-03-19 14:58:35', '0');
INSERT INTO `irp_visit` VALUES ('281', '/login.html', '2018-03-19 14:59:43', '0');
INSERT INTO `irp_visit` VALUES ('282', '', '2018-03-19 14:59:58', '24');
INSERT INTO `irp_visit` VALUES ('283', '', '2018-03-19 15:00:23', '24');
INSERT INTO `irp_visit` VALUES ('284', '/user/index', '2018-03-19 15:00:38', '24');
INSERT INTO `irp_visit` VALUES ('285', '/user/interface/submit', '2018-03-19 15:00:53', '24');
INSERT INTO `irp_visit` VALUES ('286', '/user/interface/submit', '2018-03-19 15:01:00', '24');
INSERT INTO `irp_visit` VALUES ('287', '/user/interface/key', '2018-03-19 15:01:05', '24');
INSERT INTO `irp_visit` VALUES ('288', '/user/interface/count', '2018-03-19 15:01:09', '24');
INSERT INTO `irp_visit` VALUES ('289', '/user/interface/log', '2018-03-19 15:01:20', '24');
INSERT INTO `irp_visit` VALUES ('290', '/user/interface/example/qrcode', '2018-03-19 15:02:33', '24');
INSERT INTO `irp_visit` VALUES ('291', '/user/interface/example/face_video', '2018-03-19 15:02:50', '24');
INSERT INTO `irp_visit` VALUES ('292', '/user/interface/example/face_pic', '2018-03-19 15:03:01', '24');
INSERT INTO `irp_visit` VALUES ('293', '/user/interface/example/color_video', '2018-03-19 15:03:09', '24');
INSERT INTO `irp_visit` VALUES ('294', '/user/interface/example/color_pic', '2018-03-19 15:03:38', '24');
INSERT INTO `irp_visit` VALUES ('295', '/user/interface/example/face_video', '2018-03-19 15:03:52', '24');
INSERT INTO `irp_visit` VALUES ('296', '/user/interface/example/fast', '2018-03-19 15:03:55', '24');
INSERT INTO `irp_visit` VALUES ('297', '/user/interface/example/fast_video', '2018-03-19 15:04:03', '24');
INSERT INTO `irp_visit` VALUES ('298', '/user/interface/example/fast', '2018-03-19 15:04:10', '24');
INSERT INTO `irp_visit` VALUES ('299', '/user/interface/example/text', '2018-03-19 15:04:26', '24');
INSERT INTO `irp_visit` VALUES ('300', '/user/interface/scenario', '2018-03-19 15:04:55', '24');
INSERT INTO `irp_visit` VALUES ('301', '/user/introduce_file', '2018-03-19 15:05:08', '24');
INSERT INTO `irp_visit` VALUES ('302', '/user/avatar/edit', '2018-03-19 15:05:27', '24');
INSERT INTO `irp_visit` VALUES ('303', '/user/avatar/edit', '2018-03-19 15:05:57', '24');
INSERT INTO `irp_visit` VALUES ('304', '/user/info/edit', '2018-03-19 15:06:02', '24');
INSERT INTO `irp_visit` VALUES ('305', '/user/info/edit', '2018-03-19 15:06:18', '24');
INSERT INTO `irp_visit` VALUES ('306', '/user/info/edit', '2018-03-19 15:06:22', '24');
INSERT INTO `irp_visit` VALUES ('307', '/user/password/edit', '2018-03-19 15:06:25', '24');
INSERT INTO `irp_visit` VALUES ('308', '/user/info/edit', '2018-03-19 15:06:26', '24');
INSERT INTO `irp_visit` VALUES ('309', '/user/news', '2018-03-19 15:06:29', '24');
INSERT INTO `irp_visit` VALUES ('310', '/user/logininfo', '2018-03-19 15:06:46', '24');
INSERT INTO `irp_visit` VALUES ('311', '/user/interface/log', '2018-03-19 15:06:58', '24');
INSERT INTO `irp_visit` VALUES ('312', '/login', '2018-03-19 15:07:08', '0');
INSERT INTO `irp_visit` VALUES ('313', '/login', '2018-03-19 15:07:17', '0');
INSERT INTO `irp_visit` VALUES ('314', '', '2018-03-19 15:07:27', '24');
INSERT INTO `irp_visit` VALUES ('315', '/user/index', '2018-03-19 15:07:35', '24');
INSERT INTO `irp_visit` VALUES ('316', '/user/interface/example/face_video', '2018-03-19 15:07:51', '24');
INSERT INTO `irp_visit` VALUES ('317', '/user/interface/example/text', '2018-03-19 15:08:03', '24');
INSERT INTO `irp_visit` VALUES ('318', '/user/index', '2018-03-19 15:08:17', '24');
INSERT INTO `irp_visit` VALUES ('319', '/user/logininfo', '2018-03-19 15:08:25', '24');
INSERT INTO `irp_visit` VALUES ('320', '/user/avatar/edit', '2018-03-19 15:08:33', '24');
INSERT INTO `irp_visit` VALUES ('321', '/user/interface/log', '2018-03-19 15:08:41', '24');
INSERT INTO `irp_visit` VALUES ('322', '/login', '2018-03-19 15:08:55', '0');
INSERT INTO `irp_visit` VALUES ('323', '/index', '2018-03-19 15:12:38', '0');
INSERT INTO `irp_visit` VALUES ('324', '/login', '2018-03-19 15:12:41', '0');
INSERT INTO `irp_visit` VALUES ('325', '', '2018-03-19 15:12:50', '24');
INSERT INTO `irp_visit` VALUES ('326', '/user/index', '2018-03-19 15:12:52', '24');
INSERT INTO `irp_visit` VALUES ('327', '/user/news', '2018-03-19 15:12:54', '24');
INSERT INTO `irp_visit` VALUES ('328', '', '2018-03-19 17:48:51', '24');
INSERT INTO `irp_visit` VALUES ('329', '/user/index', '2018-03-19 17:48:56', '24');
INSERT INTO `irp_visit` VALUES ('330', '/user/interface/log', '2018-03-19 17:49:01', '24');
INSERT INTO `irp_visit` VALUES ('331', '/user/interface/log', '2018-03-19 17:49:06', '24');
INSERT INTO `irp_visit` VALUES ('332', '/user/interface/log', '2018-03-19 17:50:21', '24');
INSERT INTO `irp_visit` VALUES ('333', '/login', '2018-03-19 17:51:13', '24');
INSERT INTO `irp_visit` VALUES ('334', '', '2018-03-19 17:51:18', '24');
INSERT INTO `irp_visit` VALUES ('335', '/user/index', '2018-03-19 17:51:20', '24');
INSERT INTO `irp_visit` VALUES ('336', '/user/interface/log', '2018-03-19 17:51:34', '24');
INSERT INTO `irp_visit` VALUES ('337', '/user/interface/log', '2018-03-19 17:52:07', '24');
INSERT INTO `irp_visit` VALUES ('338', '/user/interface/log', '2018-03-19 17:52:08', '24');
INSERT INTO `irp_visit` VALUES ('339', '/user/interface/log', '2018-03-19 17:52:08', '24');
INSERT INTO `irp_visit` VALUES ('340', '/user/interface/log', '2018-03-19 17:52:08', '24');
INSERT INTO `irp_visit` VALUES ('341', '/user/interface/log', '2018-03-19 17:52:08', '24');
INSERT INTO `irp_visit` VALUES ('342', '/user/interface/log', '2018-03-19 17:52:08', '24');
INSERT INTO `irp_visit` VALUES ('343', '/user/interface/log', '2018-03-19 17:56:38', '24');
INSERT INTO `irp_visit` VALUES ('344', '/user/interface/log', '2018-03-19 17:56:38', '24');
INSERT INTO `irp_visit` VALUES ('345', '/user/interface/log', '2018-03-19 17:56:38', '24');
INSERT INTO `irp_visit` VALUES ('346', '/user/interface/log', '2018-03-19 17:56:38', '24');
INSERT INTO `irp_visit` VALUES ('347', '/user/interface/log', '2018-03-19 17:56:38', '24');
INSERT INTO `irp_visit` VALUES ('348', '/user/interface/log', '2018-03-19 17:56:38', '24');
INSERT INTO `irp_visit` VALUES ('349', '/user/interface/log', '2018-03-19 17:57:46', '24');
INSERT INTO `irp_visit` VALUES ('350', '/user/interface/log', '2018-03-19 18:01:29', '24');
INSERT INTO `irp_visit` VALUES ('351', '/user/interface/log', '2018-03-19 18:01:30', '24');
INSERT INTO `irp_visit` VALUES ('352', '/user/interface/log', '2018-03-19 18:02:49', '24');
INSERT INTO `irp_visit` VALUES ('353', '/user/interface/log', '2018-03-19 18:03:25', '24');
INSERT INTO `irp_visit` VALUES ('354', '/user/interface/log', '2018-03-19 18:03:35', '24');
INSERT INTO `irp_visit` VALUES ('355', '/user/interface/log', '2018-03-19 18:28:50', '24');
INSERT INTO `irp_visit` VALUES ('356', '/user/interface/log', '2018-03-19 18:28:51', '24');
INSERT INTO `irp_visit` VALUES ('357', '/user/interface/log', '2018-03-19 18:29:52', '24');
INSERT INTO `irp_visit` VALUES ('358', '/user/interface/log', '2018-03-19 18:29:52', '24');
INSERT INTO `irp_visit` VALUES ('359', '/user/interface/log', '2018-03-19 18:30:09', '24');
INSERT INTO `irp_visit` VALUES ('360', '/user/interface/log', '2018-03-19 18:30:40', '24');
INSERT INTO `irp_visit` VALUES ('361', '/user/interface/log', '2018-03-19 18:30:40', '24');
INSERT INTO `irp_visit` VALUES ('362', '/user/interface/log', '2018-03-19 18:30:40', '24');
INSERT INTO `irp_visit` VALUES ('363', '/user/index', '2018-03-19 19:44:13', '24');
INSERT INTO `irp_visit` VALUES ('364', '/login', '2018-03-19 19:44:24', '0');
INSERT INTO `irp_visit` VALUES ('365', '/index', '2018-03-19 19:44:48', '0');
INSERT INTO `irp_visit` VALUES ('366', '/index', '2018-03-19 20:01:20', '0');
INSERT INTO `irp_visit` VALUES ('367', '/index', '2018-03-19 20:03:20', '0');
INSERT INTO `irp_visit` VALUES ('368', '/index', '2018-03-19 20:10:19', '0');
INSERT INTO `irp_visit` VALUES ('369', '/index', '2018-03-19 20:10:21', '0');
INSERT INTO `irp_visit` VALUES ('370', '/index', '2018-03-19 20:10:27', '0');
INSERT INTO `irp_visit` VALUES ('371', '/index', '2018-03-19 20:10:29', '0');
INSERT INTO `irp_visit` VALUES ('372', '/index', '2018-03-19 20:11:01', '0');
INSERT INTO `irp_visit` VALUES ('373', '/index', '2018-03-19 20:11:04', '0');
INSERT INTO `irp_visit` VALUES ('374', '/index', '2018-03-19 20:11:30', '0');
INSERT INTO `irp_visit` VALUES ('375', '/index', '2018-03-19 20:11:33', '0');
INSERT INTO `irp_visit` VALUES ('376', '/index', '2018-03-19 20:11:49', '0');
INSERT INTO `irp_visit` VALUES ('377', '/index', '2018-03-19 20:11:49', '0');
INSERT INTO `irp_visit` VALUES ('378', '/index', '2018-03-19 20:11:50', '0');
INSERT INTO `irp_visit` VALUES ('379', '/index', '2018-03-19 20:11:51', '0');
INSERT INTO `irp_visit` VALUES ('380', '/index', '2018-03-19 20:11:51', '0');
INSERT INTO `irp_visit` VALUES ('381', '/index', '2018-03-19 20:11:51', '0');
INSERT INTO `irp_visit` VALUES ('382', '/index', '2018-03-19 20:11:51', '0');
INSERT INTO `irp_visit` VALUES ('383', '/index', '2018-03-19 20:11:52', '0');
INSERT INTO `irp_visit` VALUES ('384', '/index', '2018-03-19 20:19:14', '0');
INSERT INTO `irp_visit` VALUES ('385', '/index', '2018-03-19 20:19:41', '0');
INSERT INTO `irp_visit` VALUES ('386', '/index', '2018-03-19 20:20:31', '0');
INSERT INTO `irp_visit` VALUES ('387', '/index', '2018-03-19 20:20:50', '0');
INSERT INTO `irp_visit` VALUES ('388', '/index', '2018-03-19 20:20:51', '0');
INSERT INTO `irp_visit` VALUES ('389', '/index', '2018-03-19 20:23:21', '0');
INSERT INTO `irp_visit` VALUES ('390', '/index', '2018-03-19 20:23:22', '0');
INSERT INTO `irp_visit` VALUES ('391', '/index', '2018-03-19 20:23:53', '0');
INSERT INTO `irp_visit` VALUES ('392', '/index', '2018-03-19 20:27:08', '0');
INSERT INTO `irp_visit` VALUES ('393', '/index', '2018-03-19 20:27:13', '0');
INSERT INTO `irp_visit` VALUES ('394', '/index', '2018-03-19 20:32:38', '0');
INSERT INTO `irp_visit` VALUES ('395', '/index', '2018-03-19 20:34:32', '0');
INSERT INTO `irp_visit` VALUES ('396', '/index', '2018-03-19 20:36:55', '0');
INSERT INTO `irp_visit` VALUES ('397', '/index', '2018-03-19 20:48:04', '0');
INSERT INTO `irp_visit` VALUES ('398', '/index', '2018-03-19 20:53:06', '0');
INSERT INTO `irp_visit` VALUES ('399', '/index', '2018-03-19 21:15:36', '0');
INSERT INTO `irp_visit` VALUES ('400', '/login', '2018-03-19 21:16:29', '0');
INSERT INTO `irp_visit` VALUES ('401', '', '2018-03-19 21:16:42', '24');
INSERT INTO `irp_visit` VALUES ('402', '', '2018-03-19 21:18:27', '0');
INSERT INTO `irp_visit` VALUES ('403', '/login', '2018-03-19 21:18:51', '0');
INSERT INTO `irp_visit` VALUES ('404', '', '2018-03-19 21:19:03', '24');
INSERT INTO `irp_visit` VALUES ('405', '', '2018-03-19 21:24:15', '24');
INSERT INTO `irp_visit` VALUES ('406', '', '2018-03-20 12:04:03', '24');
INSERT INTO `irp_visit` VALUES ('407', '', '2018-03-20 12:39:12', '24');
INSERT INTO `irp_visit` VALUES ('408', '', '2018-03-20 12:39:23', '24');
INSERT INTO `irp_visit` VALUES ('409', '', '2018-03-20 12:39:26', '24');
INSERT INTO `irp_visit` VALUES ('410', '/user/interface/example/face_video', '2018-03-20 12:39:34', '24');
INSERT INTO `irp_visit` VALUES ('411', '/user/interface/example/face_video', '2018-03-20 12:39:36', '24');
INSERT INTO `irp_visit` VALUES ('412', '/user/interface/example/qrcode', '2018-03-20 12:43:43', '24');
INSERT INTO `irp_visit` VALUES ('413', '/user/interface/example/text', '2018-03-20 12:43:50', '24');
INSERT INTO `irp_visit` VALUES ('414', '/user/interface/example/fast', '2018-03-20 12:44:02', '24');
INSERT INTO `irp_visit` VALUES ('415', '/user/introduce_file', '2018-03-20 12:44:37', '24');
INSERT INTO `irp_visit` VALUES ('416', '/user/index', '2018-03-20 12:51:47', '24');
INSERT INTO `irp_visit` VALUES ('417', '', '2018-03-21 12:28:15', '24');
INSERT INTO `irp_visit` VALUES ('418', '/user/index', '2018-03-21 12:28:19', '24');
INSERT INTO `irp_visit` VALUES ('419', '/user/news', '2018-03-21 12:28:36', '24');
INSERT INTO `irp_visit` VALUES ('420', '/user/interface/example/color_video', '2018-03-21 12:28:52', '24');
INSERT INTO `irp_visit` VALUES ('421', '/user/interface/example/color_pic', '2018-03-21 12:28:56', '24');
INSERT INTO `irp_visit` VALUES ('422', '/user/interface/example/color_video', '2018-03-21 12:28:57', '24');
INSERT INTO `irp_visit` VALUES ('423', '/user/interface/example/text', '2018-03-21 12:29:01', '24');
INSERT INTO `irp_visit` VALUES ('424', '/user/interface/example/fast', '2018-03-21 12:29:08', '24');
INSERT INTO `irp_visit` VALUES ('425', '/user/interface/example/fast_video', '2018-03-21 12:29:21', '24');
INSERT INTO `irp_visit` VALUES ('426', '/user/interface/example/fast', '2018-03-21 12:29:27', '24');
INSERT INTO `irp_visit` VALUES ('427', '/user/interface/scenario', '2018-03-21 12:29:29', '24');
INSERT INTO `irp_visit` VALUES ('428', '', '2018-03-21 12:45:44', '0');
INSERT INTO `irp_visit` VALUES ('429', '/login', '2018-03-21 12:45:46', '0');
INSERT INTO `irp_visit` VALUES ('430', '', '2018-03-21 12:46:24', '24');
INSERT INTO `irp_visit` VALUES ('431', '/user/index', '2018-03-21 12:46:27', '24');
INSERT INTO `irp_visit` VALUES ('432', '/user/interface/example/qrcode', '2018-03-21 12:46:29', '24');
INSERT INTO `irp_visit` VALUES ('433', '/user/interface/example/face_video', '2018-03-21 12:46:33', '24');
INSERT INTO `irp_visit` VALUES ('434', '/user/interface/example/face_pic', '2018-03-21 12:46:43', '24');
INSERT INTO `irp_visit` VALUES ('435', '/user/interface/example/face_video', '2018-03-21 12:46:48', '24');
INSERT INTO `irp_visit` VALUES ('436', '/user/interface/scenario', '2018-03-21 12:46:52', '24');
INSERT INTO `irp_visit` VALUES ('437', '/user/interface/example/face_video', '2018-03-21 12:46:59', '24');
INSERT INTO `irp_visit` VALUES ('438', '/user/interface/example/color_video', '2018-03-21 12:47:01', '24');
INSERT INTO `irp_visit` VALUES ('439', '/user/interface/example/color_pic', '2018-03-21 12:47:05', '24');
INSERT INTO `irp_visit` VALUES ('440', '/user/interface/example/color_video', '2018-03-21 12:47:07', '24');
INSERT INTO `irp_visit` VALUES ('441', '/user/interface/example/color_video', '2018-03-21 12:47:35', '24');
INSERT INTO `irp_visit` VALUES ('442', '/user/interface/example/color_video', '2018-03-21 12:47:36', '24');
INSERT INTO `irp_visit` VALUES ('443', '/user/interface/example/color_video', '2018-03-21 12:47:37', '24');
INSERT INTO `irp_visit` VALUES ('444', '/user/interface/example/color_pic', '2018-03-21 12:47:37', '24');
INSERT INTO `irp_visit` VALUES ('445', '/user/interface/example/text', '2018-03-21 12:47:41', '24');
INSERT INTO `irp_visit` VALUES ('446', '/user/interface/example/color_video', '2018-03-21 12:47:42', '24');
INSERT INTO `irp_visit` VALUES ('447', '/login.html', '2018-03-21 12:48:03', '0');
INSERT INTO `irp_visit` VALUES ('448', '', '2018-03-21 12:48:25', '24');
INSERT INTO `irp_visit` VALUES ('449', '/user/index', '2018-03-21 12:48:28', '24');
INSERT INTO `irp_visit` VALUES ('450', '/user/interface/example/qrcode', '2018-03-21 12:48:31', '24');
INSERT INTO `irp_visit` VALUES ('451', '/user/interface/example/text', '2018-03-21 12:48:33', '24');
INSERT INTO `irp_visit` VALUES ('452', '/user/interface/example/color_video', '2018-03-21 12:48:36', '24');
INSERT INTO `irp_visit` VALUES ('453', '/user/interface/example/face_video', '2018-03-21 12:48:41', '24');
INSERT INTO `irp_visit` VALUES ('454', '/user/interface/example/fast', '2018-03-21 12:48:43', '24');
INSERT INTO `irp_visit` VALUES ('455', '/user/interface/example/face_video', '2018-03-21 12:48:45', '24');
INSERT INTO `irp_visit` VALUES ('456', '/user/interface/example/face_pic', '2018-03-21 12:48:49', '24');
INSERT INTO `irp_visit` VALUES ('457', '/user/interface/example/color_video', '2018-03-21 12:48:53', '24');
INSERT INTO `irp_visit` VALUES ('458', '', '2018-03-24 17:13:17', '24');
INSERT INTO `irp_visit` VALUES ('459', '/user/index', '2018-03-24 17:13:22', '24');
INSERT INTO `irp_visit` VALUES ('460', '/user/info/edit', '2018-03-24 17:13:26', '24');
INSERT INTO `irp_visit` VALUES ('461', '', '2018-03-24 20:12:35', '24');
INSERT INTO `irp_visit` VALUES ('462', '', '2018-03-25 13:33:38', '24');
INSERT INTO `irp_visit` VALUES ('463', '/user/index', '2018-03-25 13:33:44', '24');
INSERT INTO `irp_visit` VALUES ('464', '/login', '2018-03-25 13:33:51', '0');
INSERT INTO `irp_visit` VALUES ('465', '', '2018-03-25 13:33:57', '0');
INSERT INTO `irp_visit` VALUES ('466', '/login', '2018-03-25 13:53:38', '0');
INSERT INTO `irp_visit` VALUES ('467', '/register.html', '2018-03-25 13:54:56', '0');
INSERT INTO `irp_visit` VALUES ('468', '/login.html', '2018-03-25 13:55:43', '0');
INSERT INTO `irp_visit` VALUES ('469', '/fpwd.html', '2018-03-25 13:55:44', '0');
INSERT INTO `irp_visit` VALUES ('470', '/login.html', '2018-03-25 13:59:12', '0');
INSERT INTO `irp_visit` VALUES ('471', '', '2018-03-25 13:59:26', '24');
INSERT INTO `irp_visit` VALUES ('472', '/user/index', '2018-03-25 13:59:29', '24');
INSERT INTO `irp_visit` VALUES ('473', '/user/avatar/edit', '2018-03-25 14:04:53', '24');
INSERT INTO `irp_visit` VALUES ('474', '/user/avatar/edit', '2018-03-25 14:05:08', '24');
INSERT INTO `irp_visit` VALUES ('475', '/user/avatar/edit', '2018-03-25 14:05:28', '24');
INSERT INTO `irp_visit` VALUES ('476', '/user/interface/submit', '2018-03-25 14:09:01', '24');
INSERT INTO `irp_visit` VALUES ('477', '/user/interface/key', '2018-03-25 14:11:15', '24');
INSERT INTO `irp_visit` VALUES ('478', '/user/interface/count', '2018-03-25 14:11:24', '24');
INSERT INTO `irp_visit` VALUES ('479', '/user/interface/log', '2018-03-25 14:11:28', '24');
INSERT INTO `irp_visit` VALUES ('480', '/user/interface/count', '2018-03-25 14:11:32', '24');
INSERT INTO `irp_visit` VALUES ('481', '/user/interface/log', '2018-03-25 14:12:46', '24');
INSERT INTO `irp_visit` VALUES ('482', '/user/interface/key', '2018-03-25 14:13:46', '24');
INSERT INTO `irp_visit` VALUES ('483', '/user/interface/example/qrcode', '2018-03-25 14:15:14', '24');
INSERT INTO `irp_visit` VALUES ('484', '/user/introduce_file', '2018-03-25 14:15:59', '24');
INSERT INTO `irp_visit` VALUES ('485', '/user/interface/example/qrcode', '2018-03-25 14:21:05', '24');
INSERT INTO `irp_visit` VALUES ('486', '/user/interface/example/face_video', '2018-03-25 14:21:59', '24');
INSERT INTO `irp_visit` VALUES ('487', '/user/interface/example/face_pic', '2018-03-25 14:23:24', '24');
INSERT INTO `irp_visit` VALUES ('488', '/user/interface/example/color_video', '2018-03-25 14:25:23', '24');
INSERT INTO `irp_visit` VALUES ('489', '/user/interface/example/color_pic', '2018-03-25 14:25:37', '24');
INSERT INTO `irp_visit` VALUES ('490', '/user/interface/example/color_video', '2018-03-25 14:25:39', '24');
INSERT INTO `irp_visit` VALUES ('491', '/user/interface/example/fast', '2018-03-25 14:26:51', '24');
INSERT INTO `irp_visit` VALUES ('492', '', '2018-03-29 13:22:13', '24');
INSERT INTO `irp_visit` VALUES ('493', '', '2018-03-29 13:22:21', '24');
INSERT INTO `irp_visit` VALUES ('494', '/user/index', '2018-03-29 13:22:34', '24');
INSERT INTO `irp_visit` VALUES ('495', '/user/index', '2018-03-29 13:23:51', '24');
INSERT INTO `irp_visit` VALUES ('496', '/user/index', '2018-03-29 13:23:58', '24');
INSERT INTO `irp_visit` VALUES ('497', '/user/interface/example/color_video', '2018-03-29 13:24:03', '24');
INSERT INTO `irp_visit` VALUES ('498', '/user/interface/example/face_video', '2018-03-29 13:24:20', '24');
INSERT INTO `irp_visit` VALUES ('499', '/user/interface/example/fast', '2018-03-29 13:24:30', '24');
INSERT INTO `irp_visit` VALUES ('500', '/user/interface/example/fast_video', '2018-03-29 13:24:33', '24');
INSERT INTO `irp_visit` VALUES ('501', '/user/index', '2018-03-29 13:24:51', '24');
INSERT INTO `irp_visit` VALUES ('502', '/index.html', '2018-03-29 13:25:00', '24');
INSERT INTO `irp_visit` VALUES ('503', '/user/index', '2018-03-29 13:25:06', '24');
INSERT INTO `irp_visit` VALUES ('504', '/user/logininfo', '2018-03-29 13:25:17', '24');
INSERT INTO `irp_visit` VALUES ('505', '/user/index', '2018-03-29 13:25:25', '24');
INSERT INTO `irp_visit` VALUES ('506', '/user/news', '2018-03-29 13:25:28', '24');
INSERT INTO `irp_visit` VALUES ('507', '/user/news', '2018-03-29 13:25:45', '24');
INSERT INTO `irp_visit` VALUES ('508', '/user/news', '2018-03-29 13:25:46', '24');
INSERT INTO `irp_visit` VALUES ('509', '/user/news', '2018-03-29 13:25:48', '24');
INSERT INTO `irp_visit` VALUES ('510', '/index.html', '2018-03-29 13:25:50', '24');
INSERT INTO `irp_visit` VALUES ('511', '/user/index', '2018-03-29 13:26:41', '24');
INSERT INTO `irp_visit` VALUES ('512', '/user/interface/submit', '2018-03-29 13:27:06', '24');
INSERT INTO `irp_visit` VALUES ('513', '/user/interface/key', '2018-03-29 13:27:08', '24');
INSERT INTO `irp_visit` VALUES ('514', '/user/interface/count', '2018-03-29 13:27:09', '24');
INSERT INTO `irp_visit` VALUES ('515', '/user/interface/log', '2018-03-29 13:27:10', '24');
INSERT INTO `irp_visit` VALUES ('516', '/user/interface/log', '2018-03-29 13:29:02', '24');
INSERT INTO `irp_visit` VALUES ('517', '/user/interface/log', '2018-03-29 13:29:20', '24');
INSERT INTO `irp_visit` VALUES ('518', '/user/interface/log', '2018-03-29 13:29:26', '24');
INSERT INTO `irp_visit` VALUES ('519', '/user/interface/log', '2018-03-29 13:29:45', '24');
INSERT INTO `irp_visit` VALUES ('520', '/user/interface/scenario', '2018-03-29 13:30:02', '24');
INSERT INTO `irp_visit` VALUES ('521', '/user/introduce_file', '2018-03-29 13:30:06', '24');
INSERT INTO `irp_visit` VALUES ('522', '/user/avatar/edit', '2018-03-29 13:30:11', '24');
INSERT INTO `irp_visit` VALUES ('523', '/user/avatar/edit', '2018-03-29 13:31:15', '24');
INSERT INTO `irp_visit` VALUES ('524', '/user/interface/log', '2018-03-29 13:31:20', '24');
INSERT INTO `irp_visit` VALUES ('525', '/user/logininfo', '2018-03-29 13:31:22', '24');
INSERT INTO `irp_visit` VALUES ('526', '/user/logininfo', '2018-03-29 14:08:20', '24');
INSERT INTO `irp_visit` VALUES ('527', '/user/logininfo', '2018-03-29 14:08:21', '24');
INSERT INTO `irp_visit` VALUES ('528', '/index.html', '2018-03-29 14:08:22', '24');
INSERT INTO `irp_visit` VALUES ('529', '/user/index', '2018-03-29 14:08:24', '24');
INSERT INTO `irp_visit` VALUES ('530', '/login', '2018-03-29 14:08:30', '0');
INSERT INTO `irp_visit` VALUES ('531', '', '2018-03-29 14:08:35', '0');
INSERT INTO `irp_visit` VALUES ('532', '/login.html', '2018-03-29 14:08:47', '0');
INSERT INTO `irp_visit` VALUES ('533', '', '2018-03-29 14:08:51', '0');
INSERT INTO `irp_visit` VALUES ('534', '', '2018-03-29 14:08:55', '0');
INSERT INTO `irp_visit` VALUES ('535', '/login.html', '2018-03-29 14:09:02', '0');
INSERT INTO `irp_visit` VALUES ('536', '/register.html', '2018-03-29 14:09:05', '0');
INSERT INTO `irp_visit` VALUES ('537', '/login.html', '2018-03-29 14:09:10', '0');
INSERT INTO `irp_visit` VALUES ('538', '/login.html', '2018-03-29 14:09:12', '0');
INSERT INTO `irp_visit` VALUES ('539', '/login.html', '2018-03-29 14:09:15', '0');
INSERT INTO `irp_visit` VALUES ('540', '', '2018-03-29 14:09:20', '0');
INSERT INTO `irp_visit` VALUES ('541', '', '2018-03-29 14:12:47', '0');
INSERT INTO `irp_visit` VALUES ('542', '/login', '2018-03-29 14:12:49', '0');
INSERT INTO `irp_visit` VALUES ('543', '', '2018-03-29 14:13:23', '0');
INSERT INTO `irp_visit` VALUES ('544', '', '2018-03-29 14:17:18', '0');
INSERT INTO `irp_visit` VALUES ('545', '/login', '2018-03-29 14:17:21', '0');
INSERT INTO `irp_visit` VALUES ('546', '/login.html', '2018-03-29 14:17:41', '0');
INSERT INTO `irp_visit` VALUES ('547', '/login.html', '2018-03-29 14:17:50', '0');
INSERT INTO `irp_visit` VALUES ('548', '/login.html', '2018-03-29 14:21:16', '0');
INSERT INTO `irp_visit` VALUES ('549', '/login.html', '2018-03-29 14:21:25', '0');
INSERT INTO `irp_visit` VALUES ('550', '/login.html', '2018-03-29 14:21:33', '0');
INSERT INTO `irp_visit` VALUES ('551', '/login.html', '2018-03-29 14:23:59', '0');
INSERT INTO `irp_visit` VALUES ('552', '/login.html', '2018-03-29 14:26:07', '0');
INSERT INTO `irp_visit` VALUES ('553', '/login.html', '2018-03-29 14:26:17', '0');
INSERT INTO `irp_visit` VALUES ('554', '/login.html', '2018-03-29 14:26:25', '0');
INSERT INTO `irp_visit` VALUES ('555', '', '2018-03-29 14:26:31', '0');
INSERT INTO `irp_visit` VALUES ('556', '', '2018-03-29 14:26:41', '0');
INSERT INTO `irp_visit` VALUES ('557', '', '2018-03-29 14:28:34', '0');
INSERT INTO `irp_visit` VALUES ('558', '', '2018-03-29 14:28:39', '0');
INSERT INTO `irp_visit` VALUES ('559', '', '2018-03-29 14:29:10', '0');
INSERT INTO `irp_visit` VALUES ('560', '/login.html', '2018-03-29 14:29:25', '0');
INSERT INTO `irp_visit` VALUES ('561', '', '2018-03-29 14:30:09', '0');
INSERT INTO `irp_visit` VALUES ('562', '', '2018-03-29 14:30:13', '0');
INSERT INTO `irp_visit` VALUES ('563', '', '2018-03-29 14:33:04', '0');
INSERT INTO `irp_visit` VALUES ('564', '', '2018-03-29 14:33:06', '0');
INSERT INTO `irp_visit` VALUES ('565', '', '2018-03-29 14:33:19', '0');
INSERT INTO `irp_visit` VALUES ('566', '', '2018-03-29 14:33:25', '0');
INSERT INTO `irp_visit` VALUES ('567', '', '2018-03-29 14:38:39', '0');
INSERT INTO `irp_visit` VALUES ('568', '', '2018-03-29 14:39:19', '0');
INSERT INTO `irp_visit` VALUES ('569', '', '2018-03-29 14:39:37', '0');
INSERT INTO `irp_visit` VALUES ('570', '', '2018-03-29 14:39:38', '0');
INSERT INTO `irp_visit` VALUES ('571', '', '2018-03-29 14:39:39', '0');
INSERT INTO `irp_visit` VALUES ('572', '', '2018-03-29 14:39:41', '0');
INSERT INTO `irp_visit` VALUES ('573', '', '2018-03-29 14:41:50', '0');
INSERT INTO `irp_visit` VALUES ('574', '', '2018-03-29 14:53:18', '0');
INSERT INTO `irp_visit` VALUES ('575', '', '2018-03-29 14:53:38', '0');
INSERT INTO `irp_visit` VALUES ('576', '/login', '2018-03-29 14:56:47', '0');
INSERT INTO `irp_visit` VALUES ('577', '/login/', '2018-03-29 14:56:57', '0');
INSERT INTO `irp_visit` VALUES ('578', '/login/', '2018-03-29 14:57:44', '0');
INSERT INTO `irp_visit` VALUES ('579', '', '2018-03-29 15:03:49', '0');
INSERT INTO `irp_visit` VALUES ('580', '', '2018-03-29 15:13:31', '0');
INSERT INTO `irp_visit` VALUES ('581', '/login', '2018-03-29 15:13:40', '0');
INSERT INTO `irp_visit` VALUES ('582', '', '2018-03-29 15:13:52', '24');
INSERT INTO `irp_visit` VALUES ('583', '/user/index', '2018-03-29 15:13:55', '24');
INSERT INTO `irp_visit` VALUES ('584', '', '2018-03-29 15:18:14', '24');
INSERT INTO `irp_visit` VALUES ('585', '', '2018-03-29 15:18:20', '24');
INSERT INTO `irp_visit` VALUES ('586', '', '2018-03-29 15:20:49', '24');
INSERT INTO `irp_visit` VALUES ('587', '/user/index', '2018-03-29 15:27:53', '24');
INSERT INTO `irp_visit` VALUES ('588', '/user/interface/example/text', '2018-03-29 15:27:58', '24');
INSERT INTO `irp_visit` VALUES ('589', '/user/index', '2018-03-29 15:28:05', '24');
INSERT INTO `irp_visit` VALUES ('590', '/login', '2018-03-29 15:28:11', '0');
INSERT INTO `irp_visit` VALUES ('591', '', '2018-03-29 15:28:16', '0');
INSERT INTO `irp_visit` VALUES ('592', '/login.html', '2018-03-29 15:28:27', '0');
INSERT INTO `irp_visit` VALUES ('593', '/login.html', '2018-03-29 15:28:35', '0');
INSERT INTO `irp_visit` VALUES ('594', '/login.html', '2018-03-29 15:29:00', '0');
INSERT INTO `irp_visit` VALUES ('595', '', '2018-03-29 15:29:43', '24');
INSERT INTO `irp_visit` VALUES ('596', '/user/index', '2018-03-29 15:29:54', '24');
INSERT INTO `irp_visit` VALUES ('597', '/user/index', '2018-03-29 15:30:01', '24');
INSERT INTO `irp_visit` VALUES ('598', '/user/index', '2018-03-29 15:30:12', '24');
INSERT INTO `irp_visit` VALUES ('599', '', '2018-03-29 21:07:39', '24');
INSERT INTO `irp_visit` VALUES ('600', '/user/index', '2018-03-29 21:07:49', '24');
INSERT INTO `irp_visit` VALUES ('601', '', '2018-03-30 13:28:12', '24');
INSERT INTO `irp_visit` VALUES ('602', '', '2018-03-30 13:28:36', '24');
INSERT INTO `irp_visit` VALUES ('603', '', '2018-03-30 13:29:28', '24');
INSERT INTO `irp_visit` VALUES ('604', '/user/index', '2018-03-30 13:29:31', '24');
INSERT INTO `irp_visit` VALUES ('605', '', '2018-03-30 17:49:42', '24');
INSERT INTO `irp_visit` VALUES ('606', '', '2018-03-30 17:49:57', '24');
INSERT INTO `irp_visit` VALUES ('607', '', '2018-03-30 17:50:50', '24');
INSERT INTO `irp_visit` VALUES ('608', '', '2018-03-30 17:51:01', '24');
INSERT INTO `irp_visit` VALUES ('609', '', '2018-03-30 17:51:09', '24');
INSERT INTO `irp_visit` VALUES ('610', '', '2018-03-30 17:51:23', '24');
INSERT INTO `irp_visit` VALUES ('611', '', '2018-03-30 17:51:36', '24');
INSERT INTO `irp_visit` VALUES ('612', '', '2018-03-30 19:37:23', '24');
INSERT INTO `irp_visit` VALUES ('613', '/user/index', '2018-03-30 19:37:27', '24');
INSERT INTO `irp_visit` VALUES ('614', '', '2018-03-30 19:37:29', '24');
INSERT INTO `irp_visit` VALUES ('615', '', '2018-03-30 19:38:07', '24');
INSERT INTO `irp_visit` VALUES ('616', '', '2018-03-30 19:38:18', '24');
INSERT INTO `irp_visit` VALUES ('617', '', '2018-03-31 19:32:33', '24');
INSERT INTO `irp_visit` VALUES ('618', '/user/index', '2018-03-31 19:32:37', '24');
INSERT INTO `irp_visit` VALUES ('619', '/user/interface/key', '2018-03-31 19:32:41', '24');
INSERT INTO `irp_visit` VALUES ('620', '/user/interface/submit', '2018-03-31 19:32:43', '24');
INSERT INTO `irp_visit` VALUES ('621', '/user/interface/submit', '2018-03-31 19:33:57', '24');
INSERT INTO `irp_visit` VALUES ('622', '', '2018-04-01 17:38:05', '24');
INSERT INTO `irp_visit` VALUES ('623', '', '2018-04-01 19:22:11', '24');
INSERT INTO `irp_visit` VALUES ('624', '/user/index', '2018-04-01 19:22:14', '24');
INSERT INTO `irp_visit` VALUES ('625', '/user/interface/log', '2018-04-01 19:22:18', '24');
INSERT INTO `irp_visit` VALUES ('626', '', '2018-04-01 20:58:43', '24');
INSERT INTO `irp_visit` VALUES ('627', '', '2018-04-01 21:02:03', '24');
INSERT INTO `irp_visit` VALUES ('628', '', '2018-04-02 16:24:14', '24');
INSERT INTO `irp_visit` VALUES ('629', '/user/index', '2018-04-02 16:24:18', '24');
INSERT INTO `irp_visit` VALUES ('630', '/user/interface/log', '2018-04-02 16:24:22', '24');
INSERT INTO `irp_visit` VALUES ('631', '', '2018-04-02 20:10:17', '24');
INSERT INTO `irp_visit` VALUES ('632', '', '2018-04-02 20:10:28', '24');
INSERT INTO `irp_visit` VALUES ('633', '', '2018-04-02 20:10:49', '24');
INSERT INTO `irp_visit` VALUES ('634', '', '2018-04-02 20:30:21', '24');
INSERT INTO `irp_visit` VALUES ('635', '', '2018-04-03 12:35:34', '24');
INSERT INTO `irp_visit` VALUES ('636', '/user/index', '2018-04-03 12:35:38', '24');
INSERT INTO `irp_visit` VALUES ('637', '/user/news', '2018-04-03 12:35:46', '24');
INSERT INTO `irp_visit` VALUES ('638', '/user/introduce_file', '2018-04-03 12:36:01', '24');
INSERT INTO `irp_visit` VALUES ('639', '/user/logininfo', '2018-04-03 12:36:27', '24');
INSERT INTO `irp_visit` VALUES ('640', '/user/introduce_file', '2018-04-03 12:36:33', '24');
INSERT INTO `irp_visit` VALUES ('641', '', '2018-04-03 13:00:37', '24');
INSERT INTO `irp_visit` VALUES ('642', '/user/index', '2018-04-03 13:00:40', '24');
INSERT INTO `irp_visit` VALUES ('643', '/user/index', '2018-04-03 13:04:23', '24');
INSERT INTO `irp_visit` VALUES ('644', '/user/index', '2018-04-03 13:04:50', '24');
INSERT INTO `irp_visit` VALUES ('645', '/user/index', '2018-04-03 13:04:51', '24');
INSERT INTO `irp_visit` VALUES ('646', '/user/news', '2018-04-03 13:04:54', '24');
INSERT INTO `irp_visit` VALUES ('647', '/user/avatar/edit', '2018-04-03 13:05:38', '24');
INSERT INTO `irp_visit` VALUES ('648', '/user/avatar/edit', '2018-04-03 13:06:12', '24');
INSERT INTO `irp_visit` VALUES ('649', '/user/avatar/edit', '2018-04-03 13:06:56', '24');
INSERT INTO `irp_visit` VALUES ('650', '/user/avatar/edit', '2018-04-03 13:07:06', '24');
INSERT INTO `irp_visit` VALUES ('651', '/user/info/edit', '2018-04-03 13:07:08', '24');
INSERT INTO `irp_visit` VALUES ('652', '/user/avatar/edit', '2018-04-03 13:07:12', '24');
INSERT INTO `irp_visit` VALUES ('653', '/user/interface/scenario', '2018-04-03 13:07:18', '24');
INSERT INTO `irp_visit` VALUES ('654', '/user/avatar/edit', '2018-04-03 13:07:56', '24');
INSERT INTO `irp_visit` VALUES ('655', '/user/news', '2018-04-03 13:07:56', '24');
INSERT INTO `irp_visit` VALUES ('656', '/index.html', '2018-04-03 13:07:57', '24');
INSERT INTO `irp_visit` VALUES ('657', '/user/index', '2018-04-03 13:08:00', '24');
INSERT INTO `irp_visit` VALUES ('658', '/user/index', '2018-04-03 13:08:29', '24');
INSERT INTO `irp_visit` VALUES ('659', '/user/index', '2018-04-03 13:08:30', '24');
INSERT INTO `irp_visit` VALUES ('660', '/user/index', '2018-04-03 13:08:40', '24');
INSERT INTO `irp_visit` VALUES ('661', '/user/index', '2018-04-03 13:08:41', '24');
INSERT INTO `irp_visit` VALUES ('662', '/user/index', '2018-04-03 13:12:15', '24');
INSERT INTO `irp_visit` VALUES ('663', '/user/index', '2018-04-03 13:12:31', '24');
INSERT INTO `irp_visit` VALUES ('664', '/user/index', '2018-04-03 13:12:51', '24');
INSERT INTO `irp_visit` VALUES ('665', '/user/index', '2018-04-03 13:15:38', '24');
INSERT INTO `irp_visit` VALUES ('666', '/user/index', '2018-04-03 13:19:17', '24');
INSERT INTO `irp_visit` VALUES ('667', '/user/index', '2018-04-03 13:19:21', '24');
INSERT INTO `irp_visit` VALUES ('668', '/user/index', '2018-04-03 13:19:22', '24');
INSERT INTO `irp_visit` VALUES ('669', '/user/index', '2018-04-03 13:19:37', '24');
INSERT INTO `irp_visit` VALUES ('670', '/user/index', '2018-04-03 13:19:51', '24');
INSERT INTO `irp_visit` VALUES ('671', '/user/index', '2018-04-03 13:21:33', '24');
INSERT INTO `irp_visit` VALUES ('672', '/user/index', '2018-04-03 13:26:16', '24');
INSERT INTO `irp_visit` VALUES ('673', '/user/avatar/edit', '2018-04-03 13:26:21', '24');
INSERT INTO `irp_visit` VALUES ('674', '/user/avatar/edit', '2018-04-03 13:26:24', '24');
INSERT INTO `irp_visit` VALUES ('675', '/user/avatar/edit', '2018-04-03 13:26:26', '24');
INSERT INTO `irp_visit` VALUES ('676', '/index.html', '2018-04-03 13:26:27', '24');
INSERT INTO `irp_visit` VALUES ('677', '/user/index', '2018-04-03 13:26:30', '24');
INSERT INTO `irp_visit` VALUES ('678', '/user/index', '2018-04-03 13:26:49', '24');
INSERT INTO `irp_visit` VALUES ('679', '/user/avatar/edit', '2018-04-03 13:27:01', '24');
INSERT INTO `irp_visit` VALUES ('680', '/user/index', '2018-04-03 13:27:02', '24');
INSERT INTO `irp_visit` VALUES ('681', '/user/info/edit', '2018-04-03 13:27:38', '24');
INSERT INTO `irp_visit` VALUES ('682', '/user/index', '2018-04-03 13:28:07', '24');
INSERT INTO `irp_visit` VALUES ('683', '/user/index', '2018-04-03 13:29:12', '24');
INSERT INTO `irp_visit` VALUES ('684', '/user/index', '2018-04-03 13:30:29', '24');
INSERT INTO `irp_visit` VALUES ('685', '/user/index', '2018-04-03 13:30:36', '24');
INSERT INTO `irp_visit` VALUES ('686', '/user/index', '2018-04-03 13:30:36', '24');
INSERT INTO `irp_visit` VALUES ('687', '/user/index', '2018-04-03 13:30:37', '24');
INSERT INTO `irp_visit` VALUES ('688', '/user/index', '2018-04-03 13:31:04', '24');
INSERT INTO `irp_visit` VALUES ('689', '/user/index', '2018-04-03 13:33:21', '24');
INSERT INTO `irp_visit` VALUES ('690', '/user/index', '2018-04-03 13:49:26', '24');
INSERT INTO `irp_visit` VALUES ('691', '/user/index', '2018-04-03 13:49:28', '24');
INSERT INTO `irp_visit` VALUES ('692', '/user/interface/scenario', '2018-04-03 13:49:30', '24');
INSERT INTO `irp_visit` VALUES ('693', '/user/index', '2018-04-03 13:49:32', '24');
INSERT INTO `irp_visit` VALUES ('694', '/user/avatar/edit', '2018-04-03 13:49:39', '24');
INSERT INTO `irp_visit` VALUES ('695', '/user/index', '2018-04-03 13:49:42', '24');
INSERT INTO `irp_visit` VALUES ('696', '/index.html', '2018-04-03 13:49:43', '24');
INSERT INTO `irp_visit` VALUES ('697', '/user/index', '2018-04-03 13:49:50', '24');
INSERT INTO `irp_visit` VALUES ('698', '', '2018-04-03 18:30:34', '24');
INSERT INTO `irp_visit` VALUES ('699', '/user/index', '2018-04-03 18:30:37', '24');
INSERT INTO `irp_visit` VALUES ('700', '/user/index', '2018-04-03 18:31:03', '24');
INSERT INTO `irp_visit` VALUES ('701', '/user/index', '2018-04-03 18:31:14', '24');
INSERT INTO `irp_visit` VALUES ('702', '/user/index', '2018-04-03 18:41:22', '24');
INSERT INTO `irp_visit` VALUES ('703', '/user/index', '2018-04-03 18:41:25', '24');
INSERT INTO `irp_visit` VALUES ('704', '/user/index', '2018-04-03 18:41:38', '24');
INSERT INTO `irp_visit` VALUES ('705', '/user/index', '2018-04-03 18:43:02', '24');
INSERT INTO `irp_visit` VALUES ('706', '/user/index', '2018-04-03 18:44:00', '24');
INSERT INTO `irp_visit` VALUES ('707', '/user/index', '2018-04-03 18:45:24', '24');
INSERT INTO `irp_visit` VALUES ('708', '/user/index', '2018-04-03 18:45:42', '24');
INSERT INTO `irp_visit` VALUES ('709', '/user/index', '2018-04-03 18:45:42', '24');
INSERT INTO `irp_visit` VALUES ('710', '/user/index', '2018-04-03 18:46:33', '24');
INSERT INTO `irp_visit` VALUES ('711', '/user/index', '2018-04-03 18:46:53', '24');
INSERT INTO `irp_visit` VALUES ('712', '/user/index', '2018-04-03 18:47:01', '24');
INSERT INTO `irp_visit` VALUES ('713', '/user/index', '2018-04-03 18:47:10', '24');
INSERT INTO `irp_visit` VALUES ('714', '/user/index', '2018-04-03 19:04:47', '24');
INSERT INTO `irp_visit` VALUES ('715', '/user/index', '2018-04-03 19:07:34', '24');
INSERT INTO `irp_visit` VALUES ('716', '/user/index', '2018-04-03 19:08:08', '24');
INSERT INTO `irp_visit` VALUES ('717', '/user/index', '2018-04-03 19:10:04', '24');
INSERT INTO `irp_visit` VALUES ('718', '/user/index', '2018-04-03 19:11:25', '24');
INSERT INTO `irp_visit` VALUES ('719', '/user/index', '2018-04-03 19:12:49', '24');
INSERT INTO `irp_visit` VALUES ('720', '/user/index', '2018-04-03 19:13:59', '24');
INSERT INTO `irp_visit` VALUES ('721', '/user/index', '2018-04-03 19:14:06', '24');
INSERT INTO `irp_visit` VALUES ('722', '/user/index', '2018-04-03 19:14:36', '24');
INSERT INTO `irp_visit` VALUES ('723', '/user/index', '2018-04-03 19:15:30', '24');
INSERT INTO `irp_visit` VALUES ('724', '/user/index', '2018-04-03 19:21:51', '24');
INSERT INTO `irp_visit` VALUES ('725', '', '2018-04-04 10:50:43', '24');
INSERT INTO `irp_visit` VALUES ('726', '/user/index', '2018-04-04 10:50:46', '24');
INSERT INTO `irp_visit` VALUES ('727', '/user/interface/example/qrcode', '2018-04-04 10:50:50', '24');
INSERT INTO `irp_visit` VALUES ('728', '/user/interface/example/qrcode', '2018-04-04 10:54:09', '24');
INSERT INTO `irp_visit` VALUES ('729', '/user/interface/example/qrcode', '2018-04-04 10:56:05', '24');
INSERT INTO `irp_visit` VALUES ('730', '/user/interface/example/qrcode', '2018-04-04 10:56:06', '24');
INSERT INTO `irp_visit` VALUES ('731', '/user/interface/example/qrcode', '2018-04-04 10:56:56', '24');
INSERT INTO `irp_visit` VALUES ('732', '/user/interface/example/qrcode', '2018-04-04 10:57:46', '24');
INSERT INTO `irp_visit` VALUES ('733', '/user/interface/example/qrcode', '2018-04-04 10:59:04', '24');
INSERT INTO `irp_visit` VALUES ('734', '/user/interface/example/qrcode', '2018-04-04 10:59:08', '24');
INSERT INTO `irp_visit` VALUES ('735', '/user/interface/example/qrcode', '2018-04-04 10:59:08', '24');
INSERT INTO `irp_visit` VALUES ('736', '/user/interface/example/qrcode', '2018-04-04 10:59:09', '24');
INSERT INTO `irp_visit` VALUES ('737', '/user/interface/example/qrcode', '2018-04-04 10:59:10', '24');
INSERT INTO `irp_visit` VALUES ('738', '/user/interface/example/qrcode', '2018-04-04 10:59:10', '24');
INSERT INTO `irp_visit` VALUES ('739', '/user/interface/example/qrcode', '2018-04-04 10:59:11', '24');
INSERT INTO `irp_visit` VALUES ('740', '/user/interface/example/qrcode', '2018-04-04 10:59:28', '24');
INSERT INTO `irp_visit` VALUES ('741', '/user/interface/example/qrcode', '2018-04-04 10:59:45', '24');
INSERT INTO `irp_visit` VALUES ('742', '', '2018-04-04 11:00:10', '24');
INSERT INTO `irp_visit` VALUES ('743', '/user/index', '2018-04-04 11:00:12', '24');
INSERT INTO `irp_visit` VALUES ('744', '/user/interface/example/qrcode', '2018-04-04 11:00:17', '24');
INSERT INTO `irp_visit` VALUES ('745', '/user/interface/example/qrcode', '2018-04-04 11:02:24', '24');
INSERT INTO `irp_visit` VALUES ('746', '/user/interface/example/qrcode', '2018-04-04 11:05:23', '24');
INSERT INTO `irp_visit` VALUES ('747', '', '2018-04-04 11:09:19', '24');
INSERT INTO `irp_visit` VALUES ('748', '/user/index', '2018-04-04 11:09:21', '24');
INSERT INTO `irp_visit` VALUES ('749', '/user/interface/example/text', '2018-04-04 11:09:25', '24');
INSERT INTO `irp_visit` VALUES ('750', '/user/interface/example/text', '2018-04-04 11:19:41', '24');
INSERT INTO `irp_visit` VALUES ('751', '/user/interface/example/text', '2018-04-04 11:20:05', '24');
INSERT INTO `irp_visit` VALUES ('752', '/user/interface/example/color_video', '2018-04-04 12:21:08', '24');
INSERT INTO `irp_visit` VALUES ('753', '/user/interface/example/text', '2018-04-04 12:21:14', '24');
INSERT INTO `irp_visit` VALUES ('754', '/user/interface/example/text', '2018-04-04 12:21:33', '24');
INSERT INTO `irp_visit` VALUES ('755', '/user/interface/example/text', '2018-04-04 12:26:37', '24');
INSERT INTO `irp_visit` VALUES ('756', '/user/interface/example/text', '2018-04-04 12:28:06', '24');
INSERT INTO `irp_visit` VALUES ('757', '/user/interface/example/text', '2018-04-04 12:28:26', '24');
INSERT INTO `irp_visit` VALUES ('758', '/user/interface/example/text', '2018-04-04 12:28:27', '24');
INSERT INTO `irp_visit` VALUES ('759', '/user/interface/example/text', '2018-04-04 12:28:27', '24');
INSERT INTO `irp_visit` VALUES ('760', '/user/interface/example/text', '2018-04-04 12:28:49', '24');
INSERT INTO `irp_visit` VALUES ('761', '/user/interface/example/text', '2018-04-04 12:28:51', '24');
INSERT INTO `irp_visit` VALUES ('762', '/user/interface/example/text', '2018-04-04 12:28:52', '24');
INSERT INTO `irp_visit` VALUES ('763', '/user/interface/example/text', '2018-04-04 12:28:52', '24');
INSERT INTO `irp_visit` VALUES ('764', '/user/interface/example/text', '2018-04-04 12:29:07', '24');
INSERT INTO `irp_visit` VALUES ('765', '/user/interface/example/text', '2018-04-04 12:29:07', '24');
INSERT INTO `irp_visit` VALUES ('766', '/user/interface/example/text', '2018-04-04 12:29:46', '24');
INSERT INTO `irp_visit` VALUES ('767', '/user/interface/example/text', '2018-04-04 12:29:46', '24');
INSERT INTO `irp_visit` VALUES ('768', '/user/interface/example/text', '2018-04-04 12:29:47', '24');
INSERT INTO `irp_visit` VALUES ('769', '/user/interface/example/text', '2018-04-04 12:30:13', '24');
INSERT INTO `irp_visit` VALUES ('770', '/user/interface/example/text', '2018-04-04 12:30:14', '24');
INSERT INTO `irp_visit` VALUES ('771', '/user/interface/example/text', '2018-04-04 12:30:15', '24');
INSERT INTO `irp_visit` VALUES ('772', '/user/interface/example/text', '2018-04-04 12:30:35', '24');
INSERT INTO `irp_visit` VALUES ('773', '/user/interface/example/text', '2018-04-04 12:31:33', '24');
INSERT INTO `irp_visit` VALUES ('774', '/user/interface/example/text', '2018-04-04 12:31:51', '24');
INSERT INTO `irp_visit` VALUES ('775', '/user/interface/example/text', '2018-04-04 12:32:28', '24');
INSERT INTO `irp_visit` VALUES ('776', '/user/interface/example/text', '2018-04-04 12:32:46', '24');
INSERT INTO `irp_visit` VALUES ('777', '/user/interface/example/text', '2018-04-04 12:32:47', '24');
INSERT INTO `irp_visit` VALUES ('778', '/user/interface/example/text', '2018-04-04 12:32:57', '24');
INSERT INTO `irp_visit` VALUES ('779', '/user/interface/example/text', '2018-04-04 12:33:11', '24');
INSERT INTO `irp_visit` VALUES ('780', '/user/interface/example/text', '2018-04-04 12:33:12', '24');
INSERT INTO `irp_visit` VALUES ('781', '/user/interface/example/text', '2018-04-04 12:41:51', '24');
INSERT INTO `irp_visit` VALUES ('782', '/user/interface/example/text', '2018-04-04 12:42:34', '24');
INSERT INTO `irp_visit` VALUES ('783', '/user/interface/example/text', '2018-04-04 12:42:51', '24');
INSERT INTO `irp_visit` VALUES ('784', '/user/interface/example/text', '2018-04-04 12:44:27', '24');
INSERT INTO `irp_visit` VALUES ('785', '/user/interface/example/text', '2018-04-04 12:45:17', '24');
INSERT INTO `irp_visit` VALUES ('786', '/user/interface/example/text', '2018-04-04 12:45:38', '24');
INSERT INTO `irp_visit` VALUES ('787', '/user/interface/example/text', '2018-04-04 12:45:54', '24');
INSERT INTO `irp_visit` VALUES ('788', '/user/interface/example/text', '2018-04-04 12:46:11', '24');
INSERT INTO `irp_visit` VALUES ('789', '/user/interface/example/text', '2018-04-04 12:51:04', '24');
INSERT INTO `irp_visit` VALUES ('790', '/user/interface/example/text', '2018-04-04 12:52:26', '24');
INSERT INTO `irp_visit` VALUES ('791', '/user/interface/example/text', '2018-04-04 12:54:04', '24');
INSERT INTO `irp_visit` VALUES ('792', '/user/interface/example/text', '2018-04-04 12:54:44', '24');
INSERT INTO `irp_visit` VALUES ('793', '/user/interface/example/text', '2018-04-04 13:29:21', '24');
INSERT INTO `irp_visit` VALUES ('794', '/user/interface/example/text', '2018-04-04 13:31:37', '24');
INSERT INTO `irp_visit` VALUES ('795', '/user/interface/example/text', '2018-04-04 13:35:14', '24');
INSERT INTO `irp_visit` VALUES ('796', '/user/interface/example/text', '2018-04-04 13:35:35', '24');
INSERT INTO `irp_visit` VALUES ('797', '/user/interface/example/text', '2018-04-04 14:01:01', '24');
INSERT INTO `irp_visit` VALUES ('798', '/user/interface/example/fast', '2018-04-04 19:24:03', '24');
INSERT INTO `irp_visit` VALUES ('799', '/user/interface/example/face_video', '2018-04-04 19:25:36', '24');
INSERT INTO `irp_visit` VALUES ('800', '', '2018-04-05 14:20:46', '24');
INSERT INTO `irp_visit` VALUES ('801', '', '2018-04-05 14:25:33', '0');
INSERT INTO `irp_visit` VALUES ('802', '', '2018-04-05 14:25:42', '0');
INSERT INTO `irp_visit` VALUES ('803', '', '2018-04-05 14:32:23', '0');
INSERT INTO `irp_visit` VALUES ('804', '', '2018-04-05 16:16:34', '0');
INSERT INTO `irp_visit` VALUES ('805', '/login', '2018-04-05 16:16:38', '0');
INSERT INTO `irp_visit` VALUES ('806', '/login', '2018-04-05 16:17:31', '0');
INSERT INTO `irp_visit` VALUES ('807', '', '2018-05-03 12:04:21', '0');
INSERT INTO `irp_visit` VALUES ('808', '', '2018-05-03 12:04:21', '0');
INSERT INTO `irp_visit` VALUES ('809', '/login', '2018-05-03 12:04:25', '0');
INSERT INTO `irp_visit` VALUES ('810', '', '2018-05-03 12:04:26', '0');
INSERT INTO `irp_visit` VALUES ('811', '/login', '2018-05-03 14:03:46', '0');
INSERT INTO `irp_visit` VALUES ('812', '/login', '2018-05-03 14:04:00', '0');
INSERT INTO `irp_visit` VALUES ('813', '', '2018-05-03 14:06:38', '0');
INSERT INTO `irp_visit` VALUES ('814', '/login', '2018-05-03 14:06:46', '0');
INSERT INTO `irp_visit` VALUES ('815', '', '2018-05-03 14:06:48', '0');
INSERT INTO `irp_visit` VALUES ('816', '/login', '2018-05-03 14:07:13', '0');
INSERT INTO `irp_visit` VALUES ('817', '', '2018-05-03 14:08:00', '24');
INSERT INTO `irp_visit` VALUES ('818', '/user/index', '2018-05-03 14:08:06', '24');
INSERT INTO `irp_visit` VALUES ('819', '/user/interface/submit', '2018-05-03 14:08:13', '24');
INSERT INTO `irp_visit` VALUES ('820', '/user/introduce_file', '2018-05-03 14:08:19', '24');
INSERT INTO `irp_visit` VALUES ('821', '/user/interface/scenario', '2018-05-03 14:08:29', '24');
INSERT INTO `irp_visit` VALUES ('822', '/user/index', '2018-05-03 14:09:45', '24');
INSERT INTO `irp_visit` VALUES ('823', '/user/interface/log', '2018-05-03 14:09:52', '24');
INSERT INTO `irp_visit` VALUES ('824', '/user/interface/log', '2018-05-03 14:10:08', '24');
INSERT INTO `irp_visit` VALUES ('825', '/user/interface/log', '2018-05-03 14:10:09', '24');
INSERT INTO `irp_visit` VALUES ('826', '/user/interface/log', '2018-05-03 14:10:10', '24');
INSERT INTO `irp_visit` VALUES ('827', '/user/index', '2018-05-03 14:10:29', '24');
INSERT INTO `irp_visit` VALUES ('828', '/user/interface/log', '2018-05-03 14:11:01', '24');
INSERT INTO `irp_visit` VALUES ('829', '/user/logininfo', '2018-05-03 14:11:07', '24');
INSERT INTO `irp_visit` VALUES ('830', '/user/info/edit', '2018-05-03 14:11:16', '24');
INSERT INTO `irp_visit` VALUES ('831', '/user/logininfo', '2018-05-03 14:18:12', '24');
INSERT INTO `irp_visit` VALUES ('832', '/user/logininfo', '2018-05-03 14:18:20', '24');
INSERT INTO `irp_visit` VALUES ('833', '/user/interface/log', '2018-05-03 14:18:22', '24');
INSERT INTO `irp_visit` VALUES ('834', '/user/interface/log', '2018-05-03 14:18:30', '24');
INSERT INTO `irp_visit` VALUES ('835', '/user/interface/log', '2018-05-03 14:30:09', '24');
INSERT INTO `irp_visit` VALUES ('836', '/user/interface/log', '2018-05-03 14:30:16', '24');
INSERT INTO `irp_visit` VALUES ('837', '/user/interface/log', '2018-05-03 14:30:29', '24');
INSERT INTO `irp_visit` VALUES ('838', '/user/interface/log', '2018-05-03 14:30:30', '24');
INSERT INTO `irp_visit` VALUES ('839', '/user/interface/log', '2018-05-03 14:30:31', '24');
INSERT INTO `irp_visit` VALUES ('840', '/user/interface/log', '2018-05-03 14:30:31', '24');
INSERT INTO `irp_visit` VALUES ('841', '/login', '2018-05-03 14:30:37', '0');
INSERT INTO `irp_visit` VALUES ('842', '', '2018-05-03 14:30:56', '24');
INSERT INTO `irp_visit` VALUES ('843', '/user/index', '2018-05-03 14:30:59', '24');
INSERT INTO `irp_visit` VALUES ('844', '/user/interface/log', '2018-05-03 14:31:04', '24');
INSERT INTO `irp_visit` VALUES ('845', '/user/interface/log', '2018-05-03 14:35:37', '24');
INSERT INTO `irp_visit` VALUES ('846', '/user/interface/log', '2018-05-03 14:35:38', '24');
INSERT INTO `irp_visit` VALUES ('847', '/user/interface/log', '2018-05-03 14:37:27', '24');
INSERT INTO `irp_visit` VALUES ('848', '/user/interface/log', '2018-05-03 14:37:29', '24');
INSERT INTO `irp_visit` VALUES ('849', '/user/interface/log', '2018-05-03 14:37:30', '24');
INSERT INTO `irp_visit` VALUES ('850', '/login.html', '2018-05-03 20:19:50', '0');
INSERT INTO `irp_visit` VALUES ('851', '', '2018-05-03 20:20:05', '24');
INSERT INTO `irp_visit` VALUES ('852', '/user/index', '2018-05-03 20:20:09', '24');
INSERT INTO `irp_visit` VALUES ('853', '/index.html', '2018-05-03 20:20:16', '24');
INSERT INTO `irp_visit` VALUES ('854', '/user/index', '2018-05-03 21:11:37', '24');
INSERT INTO `irp_visit` VALUES ('855', '/user/interface/example/face_video', '2018-05-03 21:11:41', '24');
INSERT INTO `irp_visit` VALUES ('856', '/user/interface/example/face_pic', '2018-05-03 21:11:49', '24');
INSERT INTO `irp_visit` VALUES ('857', '/user/interface/example/face_video', '2018-05-03 21:11:52', '24');
INSERT INTO `irp_visit` VALUES ('858', '', '2018-05-03 21:13:22', '0');
INSERT INTO `irp_visit` VALUES ('859', '/login', '2018-05-03 21:13:26', '0');
INSERT INTO `irp_visit` VALUES ('860', '', '2018-05-03 21:13:37', '24');
INSERT INTO `irp_visit` VALUES ('861', '/user/index', '2018-05-03 21:13:40', '24');
INSERT INTO `irp_visit` VALUES ('862', '/user/interface/example/face_video', '2018-05-03 21:13:43', '24');
INSERT INTO `irp_visit` VALUES ('863', '/user/interface/example/color_video', '2018-05-03 21:14:13', '24');
INSERT INTO `irp_visit` VALUES ('864', '/user/interface/example/face_video', '2018-05-03 21:14:45', '24');
INSERT INTO `irp_visit` VALUES ('865', '/user/interface/example/fast', '2018-05-03 21:15:57', '24');
INSERT INTO `irp_visit` VALUES ('866', '/user/interface/example/face_video', '2018-05-03 21:16:56', '24');
INSERT INTO `irp_visit` VALUES ('867', '/user/interface/example/face_pic', '2018-05-03 21:17:00', '24');
INSERT INTO `irp_visit` VALUES ('868', '/user/interface/example/face_video', '2018-05-03 21:17:03', '24');
INSERT INTO `irp_visit` VALUES ('869', '/user/interface/example/fast', '2018-05-03 21:17:13', '24');
INSERT INTO `irp_visit` VALUES ('870', '/user/interface/example/fast_video', '2018-05-03 21:17:16', '24');
INSERT INTO `irp_visit` VALUES ('871', '/user/interface/example/fast', '2018-05-03 21:17:29', '24');
INSERT INTO `irp_visit` VALUES ('872', '/user/interface/example/fast_video', '2018-05-03 21:17:31', '24');
INSERT INTO `irp_visit` VALUES ('873', '/user/interface/example/fast', '2018-05-03 21:17:36', '24');
INSERT INTO `irp_visit` VALUES ('874', '/user/interface/example/fast', '2018-05-03 21:17:40', '24');
INSERT INTO `irp_visit` VALUES ('875', '/user/interface/example/fast', '2018-05-03 21:17:41', '24');
INSERT INTO `irp_visit` VALUES ('876', '/user/interface/example/fast', '2018-05-03 21:17:46', '24');
INSERT INTO `irp_visit` VALUES ('877', '/user/interface/example/fast', '2018-05-03 21:17:47', '24');
INSERT INTO `irp_visit` VALUES ('878', '/user/interface/example/fast', '2018-05-03 21:17:47', '24');
INSERT INTO `irp_visit` VALUES ('879', '/user/interface/example/fast', '2018-05-03 21:17:47', '24');
INSERT INTO `irp_visit` VALUES ('880', '/user/interface/example/fast', '2018-05-03 21:17:47', '24');
INSERT INTO `irp_visit` VALUES ('881', '/user/interface/example/fast', '2018-05-03 21:17:48', '24');
INSERT INTO `irp_visit` VALUES ('882', '/user/interface/example/fast_video', '2018-05-03 21:17:50', '24');
INSERT INTO `irp_visit` VALUES ('883', '/user/interface/example/fast_video', '2018-05-03 21:18:29', '24');
INSERT INTO `irp_visit` VALUES ('884', '/user/interface/example/text', '2018-05-03 21:18:53', '24');
INSERT INTO `irp_visit` VALUES ('885', '/user/interface/scenario', '2018-05-03 21:21:11', '24');
INSERT INTO `irp_visit` VALUES ('886', '/user/interface/example/color_video', '2018-05-03 21:21:19', '24');
INSERT INTO `irp_visit` VALUES ('887', '/user/interface/example/color_pic', '2018-05-03 21:21:27', '24');
INSERT INTO `irp_visit` VALUES ('888', '/user/interface/example/color_video', '2018-05-03 21:21:28', '24');
INSERT INTO `irp_visit` VALUES ('889', '/user/interface/example/fast', '2018-05-03 21:21:32', '24');
INSERT INTO `irp_visit` VALUES ('890', '/user/interface/submit', '2018-05-03 21:21:40', '24');
INSERT INTO `irp_visit` VALUES ('891', '/user/index', '2018-05-03 21:21:48', '24');
INSERT INTO `irp_visit` VALUES ('892', '/user/interface/example/qrcode', '2018-05-03 21:21:52', '24');
INSERT INTO `irp_visit` VALUES ('893', '', '2018-05-04 13:19:01', '0');
INSERT INTO `irp_visit` VALUES ('894', '/login', '2018-05-04 13:19:05', '0');
INSERT INTO `irp_visit` VALUES ('895', '', '2018-05-04 13:19:19', '24');
INSERT INTO `irp_visit` VALUES ('896', '/user/index', '2018-05-04 13:19:22', '24');
INSERT INTO `irp_visit` VALUES ('897', '/user/interface/example/face_video', '2018-05-04 13:19:27', '24');
INSERT INTO `irp_visit` VALUES ('898', '/user/interface/example/face_pic', '2018-05-04 13:20:54', '24');
INSERT INTO `irp_visit` VALUES ('899', '/user/interface/example/text', '2018-05-04 13:27:52', '24');
INSERT INTO `irp_visit` VALUES ('900', '/user/interface/example/text', '2018-05-04 13:56:55', '24');
INSERT INTO `irp_visit` VALUES ('901', '', '2018-05-07 19:07:17', '0');
INSERT INTO `irp_visit` VALUES ('902', '/login', '2018-05-07 19:07:24', '0');
INSERT INTO `irp_visit` VALUES ('903', '', '2018-05-07 19:07:43', '24');
INSERT INTO `irp_visit` VALUES ('904', '/user/index', '2018-05-07 19:07:47', '24');
INSERT INTO `irp_visit` VALUES ('905', '/user/interface/key', '2018-05-07 19:07:52', '24');
INSERT INTO `irp_visit` VALUES ('906', '/user/interface/submit', '2018-05-07 19:08:58', '24');
INSERT INTO `irp_visit` VALUES ('907', '/user/interface/count', '2018-05-07 19:09:42', '24');
INSERT INTO `irp_visit` VALUES ('908', '/user/interface/example/fast', '2018-05-07 19:10:45', '24');
INSERT INTO `irp_visit` VALUES ('909', '', '2018-05-07 19:17:11', '24');
INSERT INTO `irp_visit` VALUES ('910', '/user/index', '2018-05-07 19:51:39', '24');
INSERT INTO `irp_visit` VALUES ('911', '/user/interface/example/qrcode', '2018-05-07 19:51:42', '24');
INSERT INTO `irp_visit` VALUES ('912', '/user/index', '2018-05-07 20:02:11', '24');
INSERT INTO `irp_visit` VALUES ('913', '/user/password/edit', '2018-05-07 20:02:37', '24');
INSERT INTO `irp_visit` VALUES ('914', '/user/info/edit', '2018-05-07 20:02:50', '24');
INSERT INTO `irp_visit` VALUES ('915', '/user/password/edit', '2018-05-07 20:02:54', '24');
INSERT INTO `irp_visit` VALUES ('916', '/user/news', '2018-05-07 20:04:23', '24');
INSERT INTO `irp_visit` VALUES ('917', '/user/password/edit', '2018-05-07 20:04:31', '24');
INSERT INTO `irp_visit` VALUES ('918', '/index.html', '2018-05-07 20:05:11', '24');
INSERT INTO `irp_visit` VALUES ('919', '/user/index', '2018-05-07 20:05:14', '24');
INSERT INTO `irp_visit` VALUES ('920', '', '2018-05-08 11:26:59', '0');
INSERT INTO `irp_visit` VALUES ('921', '', '2018-05-08 11:27:02', '0');
INSERT INTO `irp_visit` VALUES ('922', '', '2018-05-08 11:53:08', '0');
INSERT INTO `irp_visit` VALUES ('923', '', '2018-05-08 11:53:08', '0');
INSERT INTO `irp_visit` VALUES ('924', '/login', '2018-05-08 11:53:12', '0');
INSERT INTO `irp_visit` VALUES ('925', '', '2018-05-08 11:53:26', '24');
INSERT INTO `irp_visit` VALUES ('926', '/user/index', '2018-05-08 11:53:44', '24');
INSERT INTO `irp_visit` VALUES ('927', '/user/interface/example/fast', '2018-05-08 11:53:49', '24');
INSERT INTO `irp_visit` VALUES ('928', '', '2018-05-08 14:14:23', '24');
INSERT INTO `irp_visit` VALUES ('929', '', '2018-05-08 14:14:24', '24');
INSERT INTO `irp_visit` VALUES ('930', '', '2018-05-08 14:14:56', '24');
INSERT INTO `irp_visit` VALUES ('931', '', '2018-05-08 18:35:15', '0');
INSERT INTO `irp_visit` VALUES ('932', '', '2018-05-08 18:35:24', '0');
INSERT INTO `irp_visit` VALUES ('933', '', '2018-05-08 18:35:38', '0');
INSERT INTO `irp_visit` VALUES ('934', '', '2018-05-08 18:35:43', '0');
INSERT INTO `irp_visit` VALUES ('935', '', '2018-05-08 18:49:06', '0');
INSERT INTO `irp_visit` VALUES ('936', '/login', '2018-05-08 18:49:09', '0');
INSERT INTO `irp_visit` VALUES ('937', '', '2018-05-08 18:49:22', '24');
INSERT INTO `irp_visit` VALUES ('938', '/user/index', '2018-05-08 18:49:25', '24');
INSERT INTO `irp_visit` VALUES ('939', '/index.html', '2018-05-08 18:49:29', '24');
INSERT INTO `irp_visit` VALUES ('940', '/user/index', '2018-05-08 18:49:34', '24');
INSERT INTO `irp_visit` VALUES ('941', '/user/interface/example/qrcode', '2018-05-08 18:49:38', '24');
INSERT INTO `irp_visit` VALUES ('942', '/user/interface/example/face_video', '2018-05-08 18:49:43', '24');
INSERT INTO `irp_visit` VALUES ('943', '/user/interface/example/face_pic', '2018-05-08 18:49:49', '24');
INSERT INTO `irp_visit` VALUES ('944', '/user/interface/example/text', '2018-05-08 18:49:53', '24');
INSERT INTO `irp_visit` VALUES ('945', '/user/interface/example/fast', '2018-05-08 18:50:05', '24');
INSERT INTO `irp_visit` VALUES ('946', '/user/interface/example/color_video', '2018-05-08 18:50:15', '24');
INSERT INTO `irp_visit` VALUES ('947', '/user/interface/example/color_pic', '2018-05-08 18:50:19', '24');
INSERT INTO `irp_visit` VALUES ('948', '/user/interface/example/text', '2018-05-08 18:50:23', '24');
INSERT INTO `irp_visit` VALUES ('949', '', '2018-05-08 19:15:07', '24');
INSERT INTO `irp_visit` VALUES ('950', '', '2018-05-08 19:15:44', '24');
INSERT INTO `irp_visit` VALUES ('951', '', '2018-05-08 19:33:55', '24');
INSERT INTO `irp_visit` VALUES ('952', '', '2018-05-08 19:38:57', '24');
INSERT INTO `irp_visit` VALUES ('953', '/user/index', '2018-05-08 19:39:12', '24');
INSERT INTO `irp_visit` VALUES ('954', '', '2018-05-09 13:54:02', '0');
INSERT INTO `irp_visit` VALUES ('955', '/login', '2018-05-09 13:54:05', '0');
INSERT INTO `irp_visit` VALUES ('956', '', '2018-05-09 13:54:19', '24');
INSERT INTO `irp_visit` VALUES ('957', '/user/index', '2018-05-09 13:54:22', '24');
INSERT INTO `irp_visit` VALUES ('958', '/user/interface/example/qrcode', '2018-05-09 13:54:24', '24');
INSERT INTO `irp_visit` VALUES ('959', '/user/interface/example/face_video', '2018-05-09 13:54:27', '24');
INSERT INTO `irp_visit` VALUES ('960', '/user/interface/example/fast', '2018-05-09 13:54:44', '24');
INSERT INTO `irp_visit` VALUES ('961', '/user/interface/example/fast_video', '2018-05-09 13:54:46', '24');
INSERT INTO `irp_visit` VALUES ('962', '/user/interface/example/qrcode', '2018-05-09 13:54:58', '24');
INSERT INTO `irp_visit` VALUES ('963', '/user/interface/example/text', '2018-05-09 13:55:02', '24');
INSERT INTO `irp_visit` VALUES ('964', '', '2018-05-09 18:59:38', '0');
INSERT INTO `irp_visit` VALUES ('965', '/login', '2018-05-09 18:59:41', '0');
INSERT INTO `irp_visit` VALUES ('966', '', '2018-05-10 11:04:58', '0');
INSERT INTO `irp_visit` VALUES ('967', '', '2018-05-10 11:05:17', '0');
INSERT INTO `irp_visit` VALUES ('968', '/login', '2018-05-10 11:05:42', '0');
INSERT INTO `irp_visit` VALUES ('969', '', '2018-05-10 11:06:02', '24');
INSERT INTO `irp_visit` VALUES ('970', '/user/index', '2018-05-10 11:06:06', '24');
INSERT INTO `irp_visit` VALUES ('971', '/user/interface/submit', '2018-05-10 11:06:32', '24');
INSERT INTO `irp_visit` VALUES ('972', '/user/interface/key', '2018-05-10 11:06:40', '24');
INSERT INTO `irp_visit` VALUES ('973', '/user/interface/count', '2018-05-10 11:06:43', '24');
INSERT INTO `irp_visit` VALUES ('974', '/user/interface/log', '2018-05-10 11:06:48', '24');
INSERT INTO `irp_visit` VALUES ('975', '/user/interface/log', '2018-05-10 11:07:08', '24');
INSERT INTO `irp_visit` VALUES ('976', '/user/interface/example/text', '2018-05-10 11:07:11', '24');
INSERT INTO `irp_visit` VALUES ('977', '/user/interface/example/qrcode', '2018-05-10 11:07:17', '24');
INSERT INTO `irp_visit` VALUES ('978', '/user/interface/example/text', '2018-05-10 11:07:20', '24');
INSERT INTO `irp_visit` VALUES ('979', '/user/interface/example/color_video', '2018-05-10 11:07:23', '24');
INSERT INTO `irp_visit` VALUES ('980', '/user/interface/example/face_video', '2018-05-10 11:07:28', '24');
INSERT INTO `irp_visit` VALUES ('981', '/user/interface/example/fast', '2018-05-10 11:07:32', '24');
INSERT INTO `irp_visit` VALUES ('982', '/user/interface/example/fast_video', '2018-05-10 11:07:36', '24');
INSERT INTO `irp_visit` VALUES ('983', '/user/interface/scenario', '2018-05-10 11:07:40', '24');
INSERT INTO `irp_visit` VALUES ('984', '/user/introduce_file', '2018-05-10 11:07:53', '24');
INSERT INTO `irp_visit` VALUES ('985', '/user/avatar/edit', '2018-05-10 11:07:59', '24');
INSERT INTO `irp_visit` VALUES ('986', '/user/password/edit', '2018-05-10 11:08:03', '24');
INSERT INTO `irp_visit` VALUES ('987', '/user/info/edit', '2018-05-10 11:08:05', '24');
INSERT INTO `irp_visit` VALUES ('988', '/user/news', '2018-05-10 11:08:07', '24');
INSERT INTO `irp_visit` VALUES ('989', '/user/logininfo', '2018-05-10 11:08:10', '24');
INSERT INTO `irp_visit` VALUES ('990', '/user/interface/log', '2018-05-10 11:08:13', '24');
INSERT INTO `irp_visit` VALUES ('991', '', '2018-05-10 13:58:24', '24');
INSERT INTO `irp_visit` VALUES ('992', '', '2018-05-10 14:28:37', '24');
INSERT INTO `irp_visit` VALUES ('993', '', '2018-05-10 15:57:07', '24');
INSERT INTO `irp_visit` VALUES ('994', '/user/index', '2018-05-10 15:57:21', '24');
INSERT INTO `irp_visit` VALUES ('995', '/user/interface/submit', '2018-05-10 15:57:28', '24');
INSERT INTO `irp_visit` VALUES ('996', '/user/interface/key', '2018-05-10 15:57:30', '24');
INSERT INTO `irp_visit` VALUES ('997', '/user/interface/count', '2018-05-10 15:57:31', '24');
INSERT INTO `irp_visit` VALUES ('998', '/user/interface/log', '2018-05-10 15:57:33', '24');
INSERT INTO `irp_visit` VALUES ('999', '/user/interface/example/qrcode', '2018-05-10 15:57:35', '24');
INSERT INTO `irp_visit` VALUES ('1000', '/user/interface/example/text', '2018-05-10 15:57:39', '24');
INSERT INTO `irp_visit` VALUES ('1001', '/user/interface/example/fast', '2018-05-10 15:58:20', '24');
INSERT INTO `irp_visit` VALUES ('1002', '/user/interface/example/color_video', '2018-05-10 15:58:25', '24');
INSERT INTO `irp_visit` VALUES ('1003', '/user/interface/example/color_pic', '2018-05-10 15:58:40', '24');
INSERT INTO `irp_visit` VALUES ('1004', '/user/interface/example/color_video', '2018-05-10 15:58:44', '24');
INSERT INTO `irp_visit` VALUES ('1005', '/user/interface/example/text', '2018-05-10 15:58:47', '24');
INSERT INTO `irp_visit` VALUES ('1006', '/user/interface/scenario', '2018-05-10 15:58:52', '24');
INSERT INTO `irp_visit` VALUES ('1007', '/user/introduce_file', '2018-05-10 15:58:56', '24');
INSERT INTO `irp_visit` VALUES ('1008', '/user/avatar/edit', '2018-05-10 15:59:01', '24');
INSERT INTO `irp_visit` VALUES ('1009', '/user/info/edit', '2018-05-10 15:59:06', '24');
INSERT INTO `irp_visit` VALUES ('1010', '/user/password/edit', '2018-05-10 15:59:08', '24');
INSERT INTO `irp_visit` VALUES ('1011', '/user/password/edit', '2018-05-10 15:59:10', '24');
INSERT INTO `irp_visit` VALUES ('1012', '/user/news', '2018-05-10 15:59:12', '24');
INSERT INTO `irp_visit` VALUES ('1013', '/user/logininfo', '2018-05-10 15:59:15', '24');
INSERT INTO `irp_visit` VALUES ('1014', '/user/interface/log', '2018-05-10 15:59:19', '24');
INSERT INTO `irp_visit` VALUES ('1015', '/user/interface/log', '2018-05-10 15:59:21', '24');
INSERT INTO `irp_visit` VALUES ('1016', '/user/logininfo', '2018-05-10 15:59:23', '24');
INSERT INTO `irp_visit` VALUES ('1017', '/user/interface/log', '2018-05-10 15:59:26', '24');
INSERT INTO `irp_visit` VALUES ('1018', '/user/interface/log', '2018-05-10 15:59:29', '24');
INSERT INTO `irp_visit` VALUES ('1019', '', '2018-05-10 16:01:38', '24');
INSERT INTO `irp_visit` VALUES ('1020', '', '2018-05-10 16:12:27', '0');
INSERT INTO `irp_visit` VALUES ('1021', '', '2018-05-10 16:12:37', '0');
INSERT INTO `irp_visit` VALUES ('1022', '', '2018-05-10 18:36:17', '0');
INSERT INTO `irp_visit` VALUES ('1023', '/login', '2018-05-10 18:36:20', '0');
INSERT INTO `irp_visit` VALUES ('1024', '', '2018-05-10 18:36:32', '24');
INSERT INTO `irp_visit` VALUES ('1025', '/user/index', '2018-05-10 18:36:35', '24');
INSERT INTO `irp_visit` VALUES ('1026', '/user/interface/log', '2018-05-10 18:36:41', '24');
